0.021;0.331743;-0.9325;-0.136129;-0.0431124;0.215332;0.674789;-0.582031;0.399414;2.91092;0.171565;-2.47793;-1.57636;0.91032;-2.85345
0.033;0.332017;-0.932414;-0.136108;-0.042947;0.215332;0.674789;-0.582031;0.399414;2.91091;0.171306;-2.47732;-1.57636;0.91032;-2.85345
0.063;0.332302;-0.93233;-0.136048;-0.0427427;0.215332;0.674789;-0.582031;0.399414;2.91094;0.17095;-2.47668;-1.57636;0.91032;-2.85345
0.088;0.332954;-0.932137;-0.135923;-0.0422676;0.215332;0.674367;-0.58252;0.399414;2.911;0.17013;-2.4752;-1.57451;0.910114;-2.85256
0.095;0.333729;-0.931896;-0.135827;-0.0417858;0.215332;0.674367;-0.58252;0.399414;2.91102;0.169347;-2.47347;-1.57451;0.910114;-2.85256
0.107;0.33399;-0.93181;-0.135813;-0.0416537;0.215332;0.674367;-0.58252;0.399414;2.91101;0.169153;-2.47289;-1.57451;0.910114;-2.85256
0.118;0.334453;-0.931658;-0.135759;-0.0415132;0.215332;0.674367;-0.58252;0.399414;2.91111;0.168965;-2.47188;-1.57451;0.910114;-2.85256
0.148;0.33478;-0.931556;-0.135717;-0.0413133;0.215332;0.674367;-0.58252;0.399414;2.91112;0.16864;-2.47115;-1.57451;0.910114;-2.85256
0.178;0.335245;-0.931405;-0.13571;-0.040964;0.214844;0.674101;-0.583008;0.399414;2.911;0.168091;-2.47011;-1.57265;0.909183;-2.85094
0.189;0.335715;-0.931265;-0.135629;-0.0405768;0.214844;0.67439;-0.583008;0.398926;2.91099;0.167422;-2.46904;-1.57392;0.908488;-2.85238
0.231;0.336009;-0.931174;-0.135608;-0.0402945;0.214844;0.67439;-0.583008;0.398926;2.9109;0.166948;-2.46837;-1.57392;0.908488;-2.85238
0.236;0.33668;-0.930959;-0.135691;-0.0393777;0.215332;0.674235;-0.583008;0.398926;2.91027;0.165441;-2.46683;-1.57392;0.909213;-2.85311
0.249;0.336942;-0.930872;-0.13568;-0.039225;0.215332;0.674235;-0.583008;0.398926;2.91024;0.16521;-2.46625;-1.57392;0.909213;-2.85311
0.26;0.337458;-0.9307;-0.135654;-0.0389668;0.215332;0.674235;-0.583008;0.398926;2.91022;0.164833;-2.46511;-1.57392;0.909213;-2.85311
0.272;0.337774;-0.930603;-0.135606;-0.0386897;0.215332;0.674235;-0.583008;0.398926;2.91019;0.164357;-2.46438;-1.57392;0.909213;-2.85311
0.286;0.337994;-0.930541;-0.135578;-0.0383668;0.215332;0.674523;-0.583008;0.398438;2.91007;0.163784;-2.46387;-1.57518;0.908515;-2.85455
0.315;0.338216;-0.930478;-0.135554;-0.038022;0.215332;0.674811;-0.583008;0.397949;2.90994;0.163173;-2.46334;-1.57644;0.907816;-2.85599
0.322;0.338594;-0.930362;-0.135577;-0.0374228;0.215332;0.674811;-0.583008;0.397949;2.90957;0.162154;-2.46246;-1.57644;0.907816;-2.85599
0.333;0.338841;-0.930274;-0.135612;-0.0372407;0.21582;0.675077;-0.58252;0.397949;2.90943;0.161896;-2.46191;-1.5783;0.908743;-2.85761
0.343;0.339339;-0.93009;-0.135673;-0.0370835;0.21582;0.675631;-0.581543;0.398438;2.90929;0.161765;-2.46083;-1.58075;0.90985;-2.85796
0.355;0.34001;-0.929841;-0.135741;-0.0369286;0.21582;0.676861;-0.579102;0.399902;2.90918;0.161686;-2.45938;-1.58623;0.912964;-2.85811
0.366;0.341043;-0.929439;-0.13602;-0.0364967;0.216309;0.677217;-0.577148;0.401855;2.90854;0.161319;-2.45716;-1.5886;0.917313;-2.85667
0.378;0.342304;-0.928964;-0.136269;-0.0358344;0.217285;0.677818;-0.574707;0.403809;2.90784;0.160558;-2.4544;-1.59283;0.922591;-2.85688
0.391;0.344143;-0.928313;-0.136324;-0.0348711;0.218262;0.679107;-0.571777;0.405273;2.90742;0.159245;-2.45034;-1.60022;0.927365;-2.8595
0.403;0.346415;-0.927556;-0.13598;-0.0338397;0.221191;0.680674;-0.567383;0.407227;2.90778;0.15764;-2.44529;-1.61211;0.936312;-2.86655
0.414;0.348649;-0.926836;-0.135385;-0.0330012;0.222168;0.682676;-0.564941;0.406738;2.90874;0.156211;-2.4403;-1.62292;0.937978;-2.87426
0.424;0.349234;-0.926693;-0.134919;-0.0327655;0.223145;0.684951;-0.5625;0.405762;2.90957;0.155591;-2.43896;-1.63501;0.938872;-2.88345
0.439;0.349518;-0.926677;-0.134317;-0.0326308;0.222656;0.688367;-0.55957;0.404297;2.91068;0.154989;-2.43825;-1.64999;0.937013;-2.89261
0.449;0.348446;-0.927206;-0.133319;-0.0331569;0.222168;0.692035;-0.556641;0.402344;2.91276;0.155016;-2.44049;-1.66607;0.934341;-2.90307
0.46;0.347062;-0.927822;-0.13246;-0.0338852;0.220703;0.696256;-0.553711;0.399902;2.91466;0.155448;-2.44345;-1.68296;0.929431;-2.91308
0.473;0.344752;-0.928844;-0.130997;-0.0351428;0.219238;0.700535;-0.550293;0.397949;2.91791;0.156242;-2.44837;-1.70021;0.925372;-2.92238
0.486;0.341695;-0.930186;-0.128977;-0.0369264;0.217285;0.705291;-0.546387;0.395996;2.92244;0.157489;-2.45488;-1.71887;0.920705;-2.93149
0.497;0.337878;-0.931787;-0.126742;-0.0393421;0.215332;0.709814;-0.541992;0.39502;2.92766;0.159641;-2.46304;-1.73679;0.917686;-2.9386
0.509;0.334979;-0.933017;-0.124596;-0.0417539;0.213867;0.716689;-0.53418;0.394043;2.93284;0.162097;-2.46922;-1.76712;0.916209;-2.95252
0.521;0.332694;-0.934061;-0.121814;-0.0447855;0.213379;0.721521;-0.527832;0.394043;2.93972;0.165472;-2.47405;-1.79003;0.917159;-2.96293
0.531;0.331505;-0.934719;-0.11866;-0.048225;0.214355;0.726535;-0.520508;0.394043;2.94776;0.169639;-2.47649;-1.81698;0.920194;-2.97785
0.544;0.332106;-0.934739;-0.115631;-0.0509803;0.215332;0.730649;-0.513184;0.395508;2.95545;0.172971;-2.47501;-1.84084;0.925572;-2.98923
0.557;0.332701;-0.93459;-0.112322;-0.0568808;0.217285;0.734974;-0.505371;0.396484;2.96569;0.182064;-2.4737;-1.86808;0.931356;-3.00485
0.569;0.334285;-0.934276;-0.108064;-0.0608608;0.219238;0.739185;-0.497559;0.397461;2.97675;0.187059;-2.46987;-1.89546;0.936961;-3.02073
0.579;0.336067;-0.933862;-0.103754;-0.064775;0.22168;0.743661;-0.489746;0.397461;2.98793;0.191894;-2.46553;-1.92523;0.941236;-3.04019
0.592;0.337256;-0.933574;-0.09989;-0.0686994;0.224121;0.74828;-0.481934;0.396973;2.99817;0.196919;-2.46246;-1.95603;0.944352;-3.06096
0.602;0.338582;-0.933201;-0.0945548;-0.0745535;0.226074;0.752927;-0.474121;0.396484;3.01256;0.2046;-2.45876;-1.98648;0.946577;-3.08077
0.613;0.339116;-0.933007;-0.090146;-0.0798281;0.227539;0.757863;-0.466309;0.395508;3.02465;0.211678;-2.45679;-2.01738;0.947038;-3.10054
0.626;0.339384;-0.932854;-0.0847356;-0.0861532;0.228516;0.763081;-0.458496;0.394043;3.03934;0.220023;-2.45504;-2.04851;0.945724;-3.12009
0.637;0.33938;-0.932698;-0.0777666;-0.0940638;0.228516;0.77043;-0.447754;0.39209;3.05807;0.230281;-2.4533;-2.08953;0.942098;3.13991
0.649;0.338721;-0.932712;-0.0714756;-0.10103;0.227539;0.775913;-0.44043;0.390137;3.07475;0.239158;-2.45293;-2.11711;0.937118;3.12564
0.677;0.337999;-0.932666;-0.0641405;-0.108525;0.223633;0.787049;-0.426758;0.385254;3.09383;0.248338;-2.4522;-2.167;0.922812;3.10315
0.685;0.332878;-0.933194;-0.0465479;-0.12718;0.220703;0.792464;-0.42041;0.382813;3.1393;0.271687;-2.45663;-2.18861;0.914574;3.09581
0.696;0.330065;-0.933632;-0.0413814;-0.13295;0.217773;0.798028;-0.413574;0.380371;-3.13068;0.279183;-2.46043;-2.21136;0.906294;3.08813
0.707;0.3261;-0.934174;-0.0338489;-0.140827;0.214355;0.803378;-0.406738;0.378418;-3.11174;0.289204;-2.46554;-2.23261;0.898507;3.08282
0.717;0.322228;-0.934566;-0.0261053;-0.148576;0.211426;0.808487;-0.399902;0.376465;-3.09244;0.298965;-2.47014;-2.25393;0.891211;3.07667
0.729;0.31894;-0.934731;-0.0188013;-0.155567;0.208984;0.813602;-0.392578;0.374512;-3.0743;0.30765;-2.47351;-2.27687;0.884333;3.06894
0.741;0.315528;-0.934599;-0.00961104;-0.163936;0.206543;0.818386;-0.385254;0.373047;-3.05148;0.317817;-2.47596;-2.29896;0.878427;3.0622
0.754;0.313132;-0.934013;-0.000243629;-0.171952;0.20459;0.82339;-0.377441;0.371094;-3.02811;0.32717;-2.47589;-2.32315;0.871898;3.05322
0.765;0.309805;-0.933326;0.0097151;-0.181189;0.203125;0.827725;-0.370117;0.369629;-3.0029;0.338632;-2.47686;-2.34552;0.866801;3.04465
0.777;0.307095;-0.932575;0.0179561;-0.188876;0.20166;0.831967;-0.362793;0.368164;-2.98187;0.34825;-2.47721;-2.36759;0.861657;3.03634
0.79;0.304796;-0.931449;0.0270645;-0.196903;0.200684;0.835781;-0.35498;0.367676;-2.95859;0.357904;-2.47591;-2.39063;0.858818;3.02744
0.801;0.302975;-0.929841;0.0371461;-0.205481;0.200195;0.841828;-0.342773;0.365723;-2.9326;0.367862;-2.4726;-2.42807;0.852601;3.01
0.811;0.301728;-0.928197;0.0457895;-0.212869;0.200195;0.845793;-0.334473;0.364258;-2.91;0.37636;-2.46871;-2.45359;0.848203;2.99748
0.822;0.300668;-0.926521;0.05357;-0.219746;0.200195;0.849259;-0.32666;0.363281;-2.8893;0.38438;-2.46466;-2.47712;0.844789;2.98628
0.833;0.299598;-0.924516;0.0618918;-0.227332;0.200195;0.852846;-0.318848;0.361816;-2.86677;0.393322;-2.45974;-2.50067;0.84025;2.97486
0.846;0.298619;-0.922356;0.0699989;-0.234919;0.200684;0.85623;-0.311035;0.360352;-2.84443;0.402318;-2.45435;-2.52447;0.835941;2.96241
0.857;0.297904;-0.919516;0.0795909;-0.24374;0.20166;0.859584;-0.302734;0.358887;-2.81768;0.412417;-2.44665;-2.54992;0.831712;2.9483
0.868;0.297471;-0.916899;0.0877844;-0.2512;0.202637;0.862842;-0.294434;0.357422;-2.79458;0.420726;-2.43934;-2.5751;0.827326;2.93444
0.881;0.297089;-0.914054;0.0960103;-0.258893;0.203125;0.86652;-0.286133;0.35498;-2.77095;0.429302;-2.43139;-2.59975;0.820425;2.92149
0.906;0.296306;-0.91045;0.105538;-0.268599;0.203613;0.873535;-0.27002;0.350098;-2.74263;0.440673;-2.42182;-2.64609;0.806118;2.89847
0.914;0.294761;-0.902884;0.123469;-0.287526;0.203613;0.877029;-0.261719;0.347656;-2.68757;0.462757;-2.40174;-2.66915;0.798611;2.88781
0.923;0.293787;-0.900335;0.129208;-0.293922;0.204102;0.88012;-0.253418;0.345703;-2.66947;0.470507;-2.39558;-2.69235;0.792295;2.87639
0.94;0.29306;-0.897299;0.135658;-0.300944;0.205078;0.883004;-0.245117;0.34375;-2.64891;0.478628;-2.38768;-2.71576;0.786098;2.86398
0.967;0.292678;-0.891126;0.147963;-0.313593;0.208496;0.888153;-0.228516;0.339844;-2.60939;0.491889;-2.37029;-2.7632;0.773937;2.83619
0.992;0.293934;-0.8802;0.167668;-0.332773;0.213867;0.894301;-0.208008;0.333496;-2.54477;0.508936;-2.33733;-2.82108;0.75524;2.80018
0.999;0.296356;-0.868917;0.185821;-0.350182;0.215332;0.896925;-0.199707;0.330566;-2.48313;0.521775;-2.30228;-2.84312;0.746389;2.78796
1.01;0.296326;-0.865721;0.190291;-0.355679;0.216309;0.899467;-0.191895;0.327637;-2.46629;0.527137;-2.2931;-2.86312;0.737466;2.77778
1.022;0.296154;-0.860623;0.197169;-0.364341;0.216797;0.902217;-0.184082;0.324219;-2.43982;0.535577;-2.27855;-2.88222;0.727291;2.76913
1.035;0.295579;-0.854944;0.204501;-0.374009;0.217285;0.90505;-0.17627;0.320313;-2.41066;0.545239;-2.26271;-2.90085;0.716037;2.7608
1.061;0.294475;-0.848601;0.212399;-0.38477;0.217285;0.907998;-0.167969;0.316406;-2.37833;0.556173;-2.24543;-2.91992;0.704413;2.75358
1.075;0.291962;-0.835275;0.228211;-0.406195;0.217285;0.913508;-0.151855;0.308594;-2.31183;0.576761;-2.20922;-2.956;0.681293;2.74051
1.084;0.291716;-0.827173;0.23726;-0.417606;0.216797;0.916359;-0.144043;0.304199;-2.27337;0.585288;-2.18593;-2.97244;0.668701;2.73585
1.089;0.290062;-0.822353;0.241919;-0.425529;0.215332;0.920635;-0.132813;0.297363;-2.25025;0.593815;-2.17313;-2.99481;0.649418;2.73155
1.104;0.288843;-0.819689;0.244341;-0.430089;0.214355;0.92345;-0.125488;0.29248;-2.23743;0.599132;-2.16624;-3.00898;0.635996;2.72913
1.116;0.285724;-0.811718;0.251627;-0.4429;0.213379;0.925958;-0.118652;0.288086;-2.19948;0.612882;-2.14514;-3.02206;0.623828;2.7272
1.128;0.283275;-0.805089;0.257223;-0.453237;0.212402;0.928653;-0.11084;0.283203;-2.16856;0.623725;-2.12716;-3.037;0.610259;2.72486
1.141;0.28125;-0.798165;0.262952;-0.463343;0.211914;0.930936;-0.103516;0.278809;-2.13686;0.633213;-2.10785;-3.05125;0.597987;2.72181
1.15;0.279292;-0.79034;0.269327;-0.474154;0.211914;0.933169;-0.0961914;0.273926;-2.10151;0.642306;-2.08575;-3.06545;0.584769;2.71792
1.163;0.277733;-0.784803;0.273576;-0.481773;0.210449;0.936799;-0.0854492;0.266113;-2.07666;0.648802;-2.07009;-3.08466;0.56398;2.71613
1.174;0.275375;-0.776889;0.279229;-0.492589;0.208984;0.939057;-0.0791016;0.26123;-2.04145;0.658066;-2.04752;-3.09536;0.551167;2.71671
1.186;0.273015;-0.770367;0.283382;-0.501689;0.20752;0.941105;-0.0727539;0.256836;-2.01251;0.666494;-2.02881;-3.10622;0.539393;2.7173
1.195;0.270486;-0.763418;0.287598;-0.511193;0.206055;0.943083;-0.0664063;0.252441;-1.98184;0.675034;-2.00869;-3.11703;0.527659;2.71801
1.211;0.268504;-0.75828;0.290699;-0.518083;0.205078;0.944854;-0.0605469;0.248047;-1.95911;0.681035;-1.99389;-3.12701;0.51619;2.71798
1.219;0.265519;-0.749336;0.296427;-0.52927;0.203613;0.94639;-0.0551758;0.244629;-1.91988;0.689029;-1.96822;-3.13608;0.506933;2.71919
1.233;0.263779;-0.74489;0.299121;-0.53487;0.202637;0.947799;-0.0493164;0.241211;-1.9003;0.693242;-1.95551;3.13673;0.497495;2.7191
1.243;0.261175;-0.737524;0.304279;-0.543379;0.20166;0.949012;-0.0439453;0.238281;-1.86789;0.697847;-1.93517;3.12721;0.489276;2.71924
1.255;0.259027;-0.732515;0.307679;-0.549236;0.200195;0.950266;-0.0390625;0.235352;-1.84565;0.701354;-1.92153;3.11904;0.481303;2.72078
1.268;0.256472;-0.7268;0.311787;-0.555673;0.19873;0.951243;-0.0341797;0.233398;-1.8202;0.704689;-1.90641;3.11039;0.475318;2.72213
1.281;0.253859;-0.720973;0.316095;-0.561995;0.197754;0.952071;-0.0297852;0.231445;-1.79434;0.707424;-1.89128;3.10253;0.469549;2.72265
1.292;0.251567;-0.715507;0.320314;-0.567594;0.196289;0.952882;-0.0244141;0.22998;-1.77036;0.708998;-1.87742;3.09263;0.464384;2.72371
1.329;0.249593;-0.711357;0.323685;-0.571754;0.189453;0.954621;-0.019043;0.229004;-1.75198;0.710039;-1.86734;3.08529;0.460549;2.73656
1.34;0.242985;-0.699642;0.334816;-0.582544;0.186523;0.955217;-0.0180664;0.229004;-1.69925;0.710793;-1.84225;3.08473;0.460322;2.74258
1.353;0.239577;-0.697809;0.335366;-0.585828;0.184082;0.9557;-0.0175781;0.229004;-1.68867;0.7167;-1.83764;3.08496;0.46027;2.74775
1.366;0.236328;-0.69587;0.33595;-0.589111;0.182129;0.955957;-0.0175781;0.229492;-1.67785;0.722285;-1.8326;3.08574;0.461366;2.75194
1.375;0.234096;-0.69404;0.336946;-0.591586;0.182129;0.95583;-0.0180664;0.22998;-1.66849;0.725372;-1.82815;3.08655;0.462542;2.75205
1.387;0.233026;-0.692899;0.337694;-0.592918;0.182129;0.955694;-0.019043;0.230469;-1.663;0.726534;-1.82544;3.0884;0.463914;2.7524
1.4;0.232312;-0.691668;0.33877;-0.594022;0.182129;0.955438;-0.0200195;0.231445;-1.65753;0.726599;-1.82276;3.09002;0.466267;2.75262
1.429;0.231763;-0.690789;0.33956;-0.594807;0.180176;0.95535;-0.0244141;0.23291;-1.65359;0.726661;-1.8209;3.09974;0.471046;2.75873
1.452;0.230018;-0.690265;0.339783;-0.595964;0.176758;0.955358;-0.0297852;0.234863;-1.64968;0.729415;-1.81994;3.11219;0.477191;2.76854
1.48;0.227907;-0.690959;0.337537;-0.597246;0.173828;0.954651;-0.0375977;0.23877;-1.65014;0.73622;-1.81994;3.12888;0.488107;2.7782
1.491;0.226109;-0.692173;0.334966;-0.597971;0.174316;0.953952;-0.0405273;0.240723;-1.65296;0.742756;-1.82132;3.1341;0.493153;2.77823
1.504;0.225859;-0.692982;0.334563;-0.597354;0.175293;0.95266;-0.0458984;0.244141;-1.65576;0.743384;-1.82385;-3.13947;0.502089;2.7782
1.533;0.225924;-0.694325;0.333775;-0.596209;0.178223;0.950724;-0.0532227;0.248047;-1.66096;0.743829;-1.82771;-3.12692;0.512801;2.77482
1.54;0.227965;-0.697568;0.332172;-0.592531;0.180176;0.949804;-0.0561523;0.249512;-1.67556;0.741255;-1.83676;-3.12232;0.516925;2.77175
1.55;0.228936;-0.697939;0.331904;-0.591869;0.183105;0.94855;-0.059082;0.251465;-1.67805;0.739891;-1.83738;-3.11852;0.522088;2.76637
1.598;0.230755;-0.698381;0.331948;-0.590615;0.192383;0.944075;-0.0688477;0.258789;-1.68168;0.736571;-1.83836;-3.10609;0.541151;2.74939
1.608;0.240888;-0.700574;0.335058;-0.582155;0.193359;0.943291;-0.0712891;0.260254;-1.7003;0.713207;-1.84686;-3.102;0.545165;2.7483
1.62;0.24086;-0.700978;0.334511;-0.581995;0.192871;0.942526;-0.0737305;0.262695;-1.70185;0.713907;-1.84758;-3.09738;0.551112;2.7504
1.635;0.240498;-0.701455;0.333751;-0.582007;0.192383;0.942062;-0.0756836;0.26416;-1.70335;0.715468;-1.84841;-3.09339;0.554868;2.75243
1.643;0.239816;-0.702273;0.33269;-0.58191;0.191406;0.94169;-0.0776367;0.265625;-1.70582;0.717827;-1.85021;-3.08905;0.558592;2.75561
1.657;0.239086;-0.702686;0.33197;-0.582123;0.191406;0.941015;-0.0791016;0.267578;-1.7067;0.719968;-1.85103;-3.08664;0.563172;2.75616
1.67;0.238417;-0.703459;0.331343;-0.58182;0.190918;0.940432;-0.0805664;0.269531;-1.70896;0.721588;-1.85331;-3.0839;0.567724;2.75785
1.68;0.23797;-0.704127;0.330875;-0.581461;0.191406;0.93946;-0.0825195;0.271973;-1.71104;0.722641;-1.85532;-3.08092;0.573535;2.75751
1.693;0.237615;-0.704623;0.330522;-0.581206;0.191895;0.93852;-0.0839844;0.274414;-1.71257;0.723468;-1.85683;-3.07903;0.579157;2.75687
1.728;0.237434;-0.705327;0.330274;-0.580567;0.193359;0.936319;-0.0874023;0.279785;-1.71504;0.723675;-1.85919;-3.07471;0.591656;2.75469
1.738;0.237777;-0.707693;0.330417;-0.577458;0.193848;0.93554;-0.0883789;0.281738;-1.72415;0.721078;-1.86807;-3.07371;0.596099;2.75383
1.751;0.237291;-0.708281;0.32991;-0.577226;0.193359;0.935153;-0.0888672;0.283203;-1.72594;0.722294;-1.86979;-3.07289;0.599274;2.75504
1.763;0.236545;-0.709023;0.329286;-0.576978;0.193359;0.934466;-0.0898438;0.285156;-1.72807;0.724016;-1.87205;-3.07152;0.603687;2.75534
1.807;0.235258;-0.709621;0.328638;-0.577138;0.189941;0.933569;-0.0908203;0.290039;-1.72911;0.726783;-1.874;-3.06887;0.613881;2.76322
1.815;0.230779;-0.711712;0.327257;-0.577157;0.188965;0.933311;-0.0908203;0.291504;-1.73269;0.734871;-1.88212;-3.06876;0.616829;2.76527
1.847;0.229698;-0.711889;0.326723;-0.577672;0.187988;0.931922;-0.0913086;0.296387;-1.73239;0.737422;-1.88259;-3.06898;0.627038;2.76705
1.858;0.227506;-0.712958;0.326229;-0.577501;0.188477;0.931356;-0.0913086;0.297852;-1.73436;0.741005;-1.88706;-3.06999;0.630107;2.76559
1.87;0.227299;-0.713105;0.326521;-0.577235;0.189941;0.930431;-0.0913086;0.299805;-1.73463;0.740725;-1.88812;-3.07199;0.634261;2.76169
1.882;0.227081;-0.713335;0.326848;-0.576851;0.191406;0.92934;-0.0913086;0.302246;-1.7352;0.740334;-1.88955;-3.07423;0.639423;2.75766
1.894;0.226539;-0.713657;0.326904;-0.576634;0.191406;0.928863;-0.0913086;0.303711;-1.73587;0.740863;-1.89113;-3.07489;0.642459;2.75735
1.906;0.225714;-0.714001;0.326663;-0.57667;0.191406;0.928655;-0.0917969;0.304199;-1.73642;0.742349;-1.89253;-3.07398;0.643667;2.75762
1.917;0.224574;-0.714357;0.326141;-0.576968;0.19043;0.928052;-0.0917969;0.306641;-1.73679;0.744817;-1.89377;-3.07428;0.64866;2.75946
1.928;0.223441;-0.71466;0.32559;-0.577345;0.189941;0.927619;-0.0922852;0.308105;-1.73697;0.747367;-1.89477;-3.0734;0.651859;2.76071
1.941;0.222387;-0.714944;0.325181;-0.57763;0.189453;0.927068;-0.0922852;0.310059;-1.73714;0.749556;-1.89586;-3.07387;0.655883;2.76148
1.971;0.221383;-0.715296;0.325007;-0.577678;0.19043;0.925766;-0.0917969;0.313477;-1.73756;0.751204;-1.8975;-3.07739;0.662861;2.75795
1.979;0.220212;-0.716386;0.325464;-0.576516;0.191406;0.924685;-0.0922852;0.315918;-1.74049;0.751416;-1.90295;-3.07819;0.668204;2.75538
1.989;0.219715;-0.71654;0.325292;-0.576611;0.191895;0.924131;-0.0917969;0.317383;-1.74065;0.752392;-1.90358;-3.08045;0.671087;2.75344
2.001;0.219226;-0.716721;0.325142;-0.576657;0.192383;0.923405;-0.0913086;0.319336;-1.74092;0.753294;-1.90434;-3.08295;0.674985;2.75137
2.037;0.218699;-0.716944;0.325045;-0.576635;0.192383;0.921825;-0.0917969;0.32373;-1.7413;0.75413;-1.90536;-3.0839;0.684344;2.75066
2.065;0.214366;-0.716384;0.329033;-0.576697;0.191406;0.920945;-0.0922852;0.32666;-1.73396;0.754885;-1.91086;-3.08327;0.6906;2.75274
2.071;0.212652;-0.717852;0.327735;-0.576244;0.190918;0.920477;-0.0927734;0.328125;-1.73839;0.758631;-1.91578;-3.08237;0.693831;2.75398
2.082;0.211938;-0.718017;0.327272;-0.576565;0.190918;0.919778;-0.0927734;0.330078;-1.73849;0.760445;-1.9162;-3.08331;0.697915;2.75348
2.093;0.21113;-0.71836;0.326886;-0.576654;0.190918;0.919251;-0.0927734;0.331543;-1.73918;0.762124;-1.91748;-3.08403;0.70098;2.75309
2.128;0.21039;-0.718655;0.326577;-0.576731;0.191406;0.917244;-0.0922852;0.336914;-1.73974;0.763597;-1.91865;-3.0883;0.712057;2.74997
2.141;0.209505;-0.719841;0.326558;-0.575584;0.191895;0.916602;-0.0922852;0.338379;-1.74356;0.764015;-1.92379;-3.0895;0.715157;2.74831
2.158;0.209217;-0.720221;0.326211;-0.57541;0.192383;0.915958;-0.0922852;0.339844;-1.74488;0.764737;-1.92499;-3.09071;0.718258;2.74665
2.166;0.209366;-0.720729;0.326028;-0.574822;0.193848;0.915153;-0.0917969;0.341309;-1.74705;0.764344;-1.92666;-3.09405;0.721204;2.74205
2.174;0.209279;-0.720937;0.325752;-0.57475;0.194824;0.914398;-0.0917969;0.342773;-1.74787;0.76477;-1.92717;-3.09576;0.724325;2.73911
2.187;0.209194;-0.721132;0.325463;-0.5747;0.195313;0.913976;-0.0913086;0.34375;-1.74864;0.765225;-1.92761;-3.09794;0.72619;2.73712
2.2;0.209348;-0.721435;0.32522;-0.574401;0.195801;0.913319;-0.0913086;0.345215;-1.75003;0.765113;-1.92839;-3.0992;0.729289;2.7354
2.209;0.209408;-0.721632;0.324975;-0.574271;0.196289;0.912708;-0.0908203;0.34668;-1.75093;0.765253;-1.92881;-3.10167;0.732176;2.73323
2.222;0.209179;-0.721701;0.324682;-0.574432;0.196289;0.912336;-0.0908203;0.347656;-1.75108;0.766063;-1.92884;-3.1022;0.734225;2.7329
2.264;0.208848;-0.721886;0.324389;-0.574487;0.195313;0.910719;-0.090332;0.352539;-1.75159;0.766935;-1.92938;-3.10512;0.744241;2.73331
2.269;0.207968;-0.723074;0.324;-0.573531;0.195313;0.910199;-0.0898438;0.354004;-1.75559;0.767929;-1.93409;-3.10714;0.747113;2.73234
2.28;0.207478;-0.723111;0.32362;-0.573876;0.195313;0.909628;-0.0898438;0.355469;-1.75542;0.769343;-1.93404;-3.10797;0.750199;2.73182
2.29;0.207167;-0.723235;0.323454;-0.573925;0.195801;0.908949;-0.0898438;0.356934;-1.75568;0.770016;-1.9345;-3.1093;0.753304;2.73002
2.304;0.206928;-0.723278;0.32329;-0.57405;0.195801;0.908373;-0.0898438;0.358398;-1.75569;0.770648;-1.9346;-3.11014;0.756391;2.72949
2.314;0.206715;-0.723405;0.323156;-0.574042;0.195313;0.907898;-0.0898438;0.359863;-1.75604;0.771104;-1.93506;-3.11047;0.759465;2.73022
2.325;0.20626;-0.723549;0.322806;-0.574221;0.194824;0.907421;-0.0898438;0.361328;-1.75632;0.772308;-1.93545;-3.1108;0.762541;2.73096
2.336;0.205787;-0.72374;0.322525;-0.574308;0.194824;0.906837;-0.0898438;0.362793;-1.75675;0.773378;-1.93614;-3.11165;0.765636;2.73041
2.349;0.205343;-0.723933;0.322351;-0.574322;0.194824;0.906298;-0.0893555;0.364258;-1.75718;0.774215;-1.93695;-3.11372;0.768517;2.72937
2.361;0.204943;-0.724172;0.322288;-0.574199;0.194824;0.90551;-0.0893555;0.366211;-1.7578;0.774748;-1.93806;-3.11487;0.772646;2.72862
2.375;0.204469;-0.724367;0.322268;-0.574133;0.194824;0.904964;-0.0888672;0.367676;-1.75816;0.775366;-1.93911;-3.11697;0.775529;2.72755
2.384;0.203823;-0.72464;0.32223;-0.57404;0.194824;0.904216;-0.0883789;0.369629;-1.7587;0.776222;-1.94055;-3.11938;0.779446;2.72628
2.398;0.203168;-0.72478;0.321917;-0.57427;0.194824;0.903616;-0.0883789;0.371094;-1.75879;0.777686;-1.94111;-3.12026;0.782549;2.72568
2.407;0.202539;-0.725077;0.321554;-0.574321;0.194824;0.903061;-0.0878906;0.372559;-1.75955;0.779044;-1.94222;-3.12239;0.785436;2.72458
2.419;0.202075;-0.725177;0.321219;-0.574545;0.195313;0.902444;-0.0869141;0.374023;-1.75966;0.780272;-1.94249;-3.12632;0.788108;2.72166
2.432;0.201903;-0.725256;0.321088;-0.574579;0.195801;0.901777;-0.0864258;0.375488;-1.75987;0.7807;-1.94274;-3.12903;0.791001;2.71922
2.445;0.201689;-0.725222;0.321039;-0.574725;0.196289;0.90131;-0.0859375;0.376465;-1.75957;0.781163;-1.94268;-3.13145;0.792856;2.71697
2.457;0.201211;-0.725188;0.320839;-0.575047;0.196289;0.900948;-0.0854492;0.377441;-1.75909;0.782312;-1.94258;-3.13332;0.794702;2.71603
2.468;0.200427;-0.725244;0.320356;-0.57552;0.195313;0.900293;-0.0859375;0.379395;-1.75881;0.784354;-1.94268;-3.13222;0.799063;2.71828
2.481;0.199576;-0.725341;0.319762;-0.576022;0.194824;0.89978;-0.0859375;0.380859;-1.75867;0.78665;-1.94286;-3.1326;0.802167;2.71894
2.494;0.198718;-0.725472;0.31923;-0.576449;0.194336;0.899264;-0.0859375;0.382324;-1.75865;0.78882;-1.94325;-3.13299;0.805276;2.71959
2.506;0.198084;-0.725592;0.318884;-0.576708;0.194336;0.89864;-0.0859375;0.383789;-1.75871;0.790319;-1.9437;-3.13394;0.808392;2.71891
2.539;0.197768;-0.72563;0.3188;-0.576815;0.195313;0.896796;-0.0854492;0.387695;-1.75863;0.790937;-1.94395;-3.13894;0.816488;2.71386
2.552;0.198173;-0.725677;0.319687;-0.576126;0.195313;0.896162;-0.0854492;0.38916;-1.75886;0.788726;-1.94501;-3.13993;0.81961;2.71314
2.563;0.197393;-0.72591;0.319127;-0.576411;0.194336;0.895737;-0.0854492;0.390625;-1.75933;0.790717;-1.94574;-3.13975;0.822731;2.71511
2.574;0.196632;-0.726217;0.318479;-0.576641;0.193848;0.895155;-0.0859375;0.39209;-1.76015;0.792751;-1.94665;-3.13887;0.82608;2.71626
2.587;0.195923;-0.726542;0.317939;-0.576772;0.193848;0.894082;-0.0859375;0.394531;-1.76105;0.794501;-1.94775;-3.14054;0.831294;2.71504
2.6;0.195232;-0.726835;0.317569;-0.57684;0.193359;0.89354;-0.0859375;0.395996;-1.76179;0.79596;-1.94893;-3.14094;0.834424;2.71566
2.609;0.194486;-0.727059;0.31719;-0.577019;0.192871;0.893259;-0.0854492;0.396973;-1.76222;0.79759;-1.94985;3.14089;0.836289;2.71597
2.622;0.193711;-0.727146;0.316713;-0.577431;0.192383;0.892712;-0.0854492;0.398438;-1.7621;0.799564;-1.95012;3.14048;0.839424;2.71658
2.636;0.192892;-0.727364;0.316221;-0.577702;0.191895;0.892162;-0.0854492;0.399902;-1.76249;0.801508;-1.95093;3.14008;0.84256;2.71719
2.648;0.192277;-0.727581;0.315814;-0.577856;0.191406;0.891215;-0.0849609;0.402344;-1.76301;0.802977;-1.95172;3.13769;0.847569;2.71672
2.661;0.191934;-0.727683;0.315605;-0.577956;0.191895;0.890447;-0.0849609;0.403809;-1.76323;0.803782;-1.9521;3.13603;0.850709;2.71455
2.672;0.191823;-0.727761;0.315631;-0.57788;0.191895;0.889606;-0.0844727;0.405762;-1.76345;0.803841;-1.95253;3.13332;0.854673;2.71292
2.708;0.191674;-0.727867;0.315701;-0.577758;0.192871;0.887289;-0.0830078;0.410645;-1.76373;0.803857;-1.95316;3.12449;0.864454;2.70562
2.718;0.192139;-0.728702;0.316791;-0.575951;0.192871;0.886655;-0.0825195;0.412109;-1.76713;0.800432;-1.95764;3.12206;0.867367;2.70417
2.761;0.191508;-0.728758;0.31657;-0.576211;0.192383;0.884611;-0.0810547;0.416992;-1.76693;0.801767;-1.95802;3.11494;0.877179;2.7008
2.77;0.190241;-0.72931;0.316763;-0.575827;0.192871;0.883857;-0.0805664;0.418457;-1.76811;0.802924;-1.96139;3.11177;0.88008;2.69785
2.779;0.190162;-0.72926;0.316815;-0.575888;0.193848;0.882993;-0.0800781;0.419922;-1.76783;0.803013;-1.96131;3.1079;0.882961;2.69346
2.793;0.190189;-0.729171;0.316976;-0.575903;0.195801;0.881528;-0.0786133;0.422363;-1.76743;0.802783;-1.96112;3.09914;0.887403;2.68428
2.803;0.190373;-0.729136;0.317397;-0.575654;0.196289;0.881037;-0.0776367;0.42334;-1.76728;0.801805;-1.96138;3.09494;0.888989;2.68094
2.817;0.190067;-0.729174;0.317328;-0.575745;0.196777;0.880266;-0.0771484;0.424805;-1.76722;0.802377;-1.96166;3.09163;0.891866;2.67785
2.846;0.189518;-0.729382;0.316997;-0.575846;0.196777;0.879169;-0.0761719;0.427246;-1.76776;0.803614;-1.96247;3.08677;0.896619;2.67483
2.853;0.188883;-0.729692;0.316711;-0.575819;0.196777;0.878735;-0.0756836;0.428223;-1.76863;0.804808;-1.96383;3.08453;0.89847;2.67348
2.881;0.188547;-0.729528;0.31647;-0.576269;0.197266;0.877557;-0.0742188;0.430664;-1.76778;0.805922;-1.96309;3.07753;0.902932;2.66829
2.911;0.188876;-0.729091;0.317061;-0.576389;0.195801;0.875798;-0.0732422;0.435059;-1.76604;0.804825;-1.9618;3.0728;0.912;2.66794
2.922;0.18882;-0.728545;0.31778;-0.576701;0.194824;0.875084;-0.0727539;0.437012;-1.76352;0.804234;-1.96049;3.07101;0.916034;2.66866
2.934;0.188222;-0.728321;0.317972;-0.577075;0.194336;0.874418;-0.0732422;0.438477;-1.76207;0.805089;-1.96021;3.0717;0.919488;2.66959
2.946;0.187358;-0.728307;0.318018;-0.577347;0.193848;0.873545;-0.0732422;0.44043;-1.76133;0.806407;-1.96081;3.07055;0.923748;2.66948
2.961;0.186217;-0.728592;0.317792;-0.577481;0.193359;0.872624;-0.0737305;0.442383;-1.76168;0.808338;-1.96249;3.07078;0.928264;2.67001
2.97;0.184797;-0.729317;0.317183;-0.577357;0.192871;0.871449;-0.0742188;0.444824;-1.76378;0.810925;-1.96572;3.07053;0.933844;2.67013
2.982;0.183917;-0.729677;0.316707;-0.577444;0.193359;0.870341;-0.0742188;0.446777;-1.76475;0.812778;-1.96724;3.06782;0.938036;2.66697
3.019;0.183333;-0.730045;0.316463;-0.577299;0.197266;0.867357;-0.0722656;0.451172;-1.76591;0.813756;-1.96888;3.05146;0.946142;2.64818
