0.024;0.201742;0.702993;-0.590968;-0.340381;0.912599;0.124512;-0.38916;-0.0146484;-1.64276;-0.242494;2.35687;-2.96594;0.784747;0.344044
0.038;0.201649;0.703157;-0.590857;-0.340289;0.912599;0.124512;-0.38916;-0.0146484;-1.64316;-0.242635;2.3572;-2.96594;0.784747;0.344044
0.048;0.201742;0.703384;-0.590659;-0.340108;0.912599;0.124512;-0.38916;-0.0146484;-1.6439;-0.242501;2.35741;-2.96594;0.784747;0.344044
0.059;0.201807;0.70349;-0.59062;-0.339918;0.912599;0.124512;-0.38916;-0.0146484;-1.64425;-0.242238;2.35765;-2.96594;0.784747;0.344044
0.071;0.201834;0.703582;-0.590645;-0.339666;0.912599;0.124512;-0.38916;-0.0146484;-1.64454;-0.241893;2.35803;-2.96594;0.784747;0.344044
0.1;0.201822;0.703718;-0.590571;-0.339521;0.912599;0.124512;-0.38916;-0.0146484;-1.64492;-0.241825;2.35832;-2.96594;0.784747;0.344044
0.108;0.201727;0.704023;-0.590364;-0.339306;0.912599;0.124512;-0.38916;-0.0146484;-1.64573;-0.241926;2.35888;-2.96594;0.784747;0.344044
0.117;0.201823;0.7041;-0.590272;-0.339248;0.91239;0.124512;-0.389648;-0.0146484;-1.64603;-0.241818;2.35886;-2.96559;0.785776;0.344356
0.13;0.201815;0.704229;-0.590259;-0.339009;0.91239;0.124512;-0.389648;-0.0146484;-1.6464;-0.241575;2.35928;-2.96559;0.785776;0.344356
0.143;0.201745;0.704363;-0.590293;-0.338713;0.91239;0.124512;-0.389648;-0.0146484;-1.64672;-0.241312;2.35988;-2.96559;0.785776;0.344356
0.156;0.20175;0.704491;-0.590201;-0.338604;0.91239;0.124512;-0.389648;-0.0146484;-1.6471;-0.241274;2.36008;-2.96559;0.785776;0.344356
0.166;0.201755;0.704627;-0.590096;-0.338501;0.91239;0.124512;-0.389648;-0.0146484;-1.6475;-0.241258;2.36028;-2.96559;0.785776;0.344356
0.181;0.201779;0.704722;-0.590034;-0.338398;0.912382;0.124512;-0.389648;-0.0151367;-1.64779;-0.24117;2.36043;-2.96435;0.785595;0.34486
0.2;0.201722;0.70487;-0.59001;-0.338162;0.912382;0.124512;-0.389648;-0.0151367;-1.64818;-0.241012;2.36092;-2.96435;0.785595;0.34486
0.231;0.201675;0.70508;-0.589936;-0.337884;0.91239;0.124512;-0.389648;-0.0146484;-1.64874;-0.240841;2.36149;-2.96559;0.785776;0.344356
0.239;0.201682;0.705361;-0.589797;-0.337535;0.91239;0.124512;-0.389648;-0.0146484;-1.64956;-0.24058;2.3621;-2.96559;0.785776;0.344356
0.251;0.201679;0.705443;-0.589771;-0.337411;0.912382;0.124512;-0.389648;-0.0151367;-1.6498;-0.24047;2.36233;-2.96435;0.785595;0.34486
0.263;0.20167;0.705573;-0.589662;-0.337336;0.912382;0.124512;-0.389648;-0.0151367;-1.65017;-0.240508;2.36249;-2.96435;0.785595;0.34486
0.292;0.201593;0.705753;-0.58957;-0.337165;0.912107;0.125;-0.390137;-0.0151367;-1.65063;-0.240517;2.36293;-2.96347;0.786534;0.346457
0.316;0.20148;0.706093;-0.589425;-0.336775;0.912107;0.125;-0.390137;-0.0151367;-1.65152;-0.240382;2.3638;-2.96347;0.786534;0.346457
0.338;0.201541;0.70633;-0.589294;-0.336468;0.912157;0.124512;-0.390137;-0.0161133;-1.65226;-0.24008;2.36426;-2.9615;0.786265;0.346186
0.362;0.201872;0.706594;-0.588885;-0.336433;0.91229;0.125;-0.389648;-0.0166016;-1.65331;-0.239981;2.36391;-2.96008;0.784955;0.34765
0.372;0.202264;0.706732;-0.588109;-0.337263;0.912088;0.126465;-0.389648;-0.0166016;-1.65406;-0.241133;2.36209;-2.9585;0.784664;0.351488
0.381;0.202924;0.706211;-0.588618;-0.337071;0.911961;0.127441;-0.389648;-0.0161133;-1.65306;-0.239479;2.36128;-2.95869;0.784654;0.353543
0.39;0.203552;0.705701;-0.589145;-0.33684;0.912101;0.12793;-0.38916;-0.0161133;-1.65207;-0.23781;2.36058;-2.95853;0.783529;0.354502
0.403;0.204253;0.705306;-0.589493;-0.336632;0.912041;0.128418;-0.38916;-0.015625;-1.65148;-0.236237;2.35977;-2.95925;0.783618;0.355279
0.438;0.204855;0.705146;-0.589592;-0.336431;0.911797;0.128418;-0.389648;-0.0175781;-1.65149;-0.235063;2.35916;-2.95391;0.783898;0.357605
0.447;0.2046;0.706391;-0.588058;-0.336658;0.911617;0.12793;-0.390137;-0.0195313;-1.65495;-0.237209;2.35954;-2.94909;0.784277;0.358659
0.477;0.203468;0.708702;-0.585142;-0.337565;0.911089;0.125977;-0.391602;-0.0263672;-1.66087;-0.242727;2.36046;-2.93265;0.785142;0.361577
0.483;0.197709;0.717613;-0.573593;-0.341956;0.910502;0.124023;-0.393066;-0.0332031;-1.68312;-0.267141;2.36493;-2.91616;0.786009;0.364548
0.514;0.19653;0.720046;-0.569881;-0.343723;0.909982;0.122559;-0.394043;-0.0405273;-1.6897;-0.274427;2.36477;-2.89826;0.785544;0.368982
0.522;0.190055;0.731136;-0.553696;-0.350342;0.910084;0.120605;-0.394043;-0.0439453;-1.71962;-0.306611;2.36836;-2.89163;0.784716;0.367393
0.532;0.189742;0.732141;-0.552142;-0.350866;0.910195;0.118652;-0.394043;-0.046875;-1.72261;-0.309138;2.36843;-2.88624;0.7841;0.365311
0.546;0.18941;0.732985;-0.550984;-0.351103;0.910053;0.116699;-0.394531;-0.050293;-1.72506;-0.310971;2.36892;-2.87919;0.784328;0.36412
0.558;0.18868;0.734483;-0.548923;-0.351594;0.910232;0.113281;-0.394531;-0.0546875;-1.72933;-0.314496;2.36988;-2.8716;0.783607;0.35975
0.568;0.187884;0.735967;-0.546751;-0.3523;0.910142;0.111816;-0.39502;-0.0556641;-1.73356;-0.318467;2.37062;-2.87024;0.784682;0.357344
0.582;0.187751;0.736789;-0.545758;-0.352192;0.910289;0.109863;-0.39502;-0.0571289;-1.73609;-0.319456;2.37134;-2.86856;0.784699;0.353784
0.593;0.188099;0.737301;-0.544673;-0.352615;0.910145;0.108398;-0.39502;-0.0620117;-1.73804;-0.320522;2.3704;-2.85764;0.783279;0.355006
0.604;0.187424;0.738906;-0.541872;-0.353928;0.910256;0.108398;-0.394531;-0.0634766;-1.74286;-0.325644;2.37013;-2.85432;0.7817;0.356106
0.614;0.188271;0.73864;-0.542294;-0.353388;0.910028;0.109375;-0.39502;-0.0620117;-1.74257;-0.323467;2.36957;-2.85661;0.782978;0.357533
0.627;0.189163;0.738514;-0.542712;-0.35253;0.909312;0.11084;-0.396484;-0.0605469;-1.74275;-0.320852;2.36948;-2.85756;0.786143;0.361026
0.64;0.189783;0.739694;-0.54124;-0.351988;0.908246;0.112305;-0.398438;-0.0610352;-1.74697;-0.320762;2.3699;-2.85306;0.78957;0.366965
0.65;0.189903;0.742052;-0.537926;-0.352038;0.907278;0.113281;-0.399902;-0.0639648;-1.75475;-0.323782;2.37069;-2.84322;0.791136;0.373794
0.662;0.190185;0.743749;-0.535653;-0.351771;0.906961;0.111816;-0.400391;-0.0678711;-1.76048;-0.325215;2.37143;-2.83433;0.791061;0.374469
0.673;0.190118;0.745333;-0.533442;-0.351813;0.906996;0.109375;-0.400391;-0.0712891;-1.76565;-0.327421;2.37219;-2.82816;0.790509;0.371681
0.687;0.189492;0.746472;-0.531391;-0.352839;0.907193;0.108887;-0.399902;-0.0722656;-1.76907;-0.331414;2.37213;-2.82662;0.78927;0.370994
0.698;0.189951;0.746334;-0.531122;-0.353289;0.907556;0.109863;-0.399414;-0.0688477;-1.76901;-0.331613;2.3707;-2.83478;0.78929;0.369555
0.707;0.19155;0.744673;-0.533235;-0.352749;0.907834;0.11084;-0.398926;-0.0664063;-1.76467;-0.326873;2.36834;-2.84043;0.788925;0.369138
0.721;0.193282;0.742062;-0.537306;-0.351123;0.908179;0.112305;-0.398438;-0.0620117;-1.75724;-0.318779;2.36702;-2.85056;0.789182;0.367976
0.733;0.196612;0.737678;-0.543871;-0.348395;0.908714;0.11377;-0.397461;-0.0576172;-1.74534;-0.304843;2.36427;-2.8611;0.788429;0.36642
0.742;0.199211;0.73461;-0.548241;-0.346546;0.908764;0.115723;-0.397461;-0.0527344;-1.7374;-0.29498;2.36194;-2.87151;0.78977;0.366451
0.772;0.200594;0.732846;-0.550631;-0.345694;0.909003;0.119141;-0.396973;-0.0439453;-1.73284;-0.289814;2.36048;-2.89076;0.791244;0.365865
0.799;0.203958;0.728146;-0.55717;-0.343171;0.909416;0.120605;-0.395996;-0.0400391;-1.72059;-0.275969;2.35755;-2.89999;0.79034;0.364878
0.805;0.20645;0.724816;-0.561926;-0.340969;0.909883;0.120605;-0.39502;-0.0390625;-1.71216;-0.265365;2.35602;-2.90329;0.788677;0.36312
0.817;0.207118;0.724001;-0.562938;-0.340626;0.910051;0.121094;-0.394531;-0.0385742;-1.71018;-0.263061;2.35527;-2.90441;0.787717;0.363522
0.843;0.208285;0.722504;-0.564966;-0.339732;0.910916;0.121094;-0.392578;-0.0380859;-1.70649;-0.258435;2.3544;-2.90723;0.783816;0.36155
0.851;0.210356;0.71951;-0.569067;-0.337963;0.911336;0.121094;-0.391602;-0.0380859;-1.69899;-0.249502;2.35306;-2.90801;0.781772;0.360823
0.879;0.210933;0.718951;-0.569735;-0.337667;0.91167;0.121582;-0.390625;-0.0385742;-1.69777;-0.247706;2.35248;-2.90704;0.779413;0.361863
0.884;0.212145;0.717677;-0.571354;-0.336881;0.911899;0.121582;-0.390137;-0.0380859;-1.6949;-0.243524;2.3515;-2.90866;0.778581;0.361007
0.929;0.212237;0.717566;-0.571497;-0.336817;0.912292;0.12207;-0.38916;-0.0371094;-1.69464;-0.243181;2.35142;-2.9114;0.776792;0.360569
0.934;0.212729;0.717178;-0.572512;-0.335607;0.912474;0.122559;-0.388672;-0.0361328;-1.69382;-0.2401;2.35243;-2.91375;0.776027;0.360498
0.944;0.213107;0.717141;-0.572367;-0.335694;0.912701;0.122559;-0.388184;-0.0356445;-1.69404;-0.23982;2.35172;-2.91537;0.775194;0.359653
0.956;0.213512;0.716949;-0.572545;-0.335542;0.913069;0.123047;-0.387207;-0.0351563;-1.6938;-0.238909;2.35129;-2.91685;0.773218;0.359724
0.99;0.213733;0.716491;-0.573414;-0.334895;0.914107;0.123535;-0.384766;-0.0332031;-1.69258;-0.236996;2.35182;-2.92315;0.768741;0.35731
1.02;0.214817;0.714835;-0.576065;-0.333187;0.915051;0.124512;-0.382324;-0.0317383;-1.68845;-0.230897;2.35234;-2.92768;0.763963;0.356689
1.025;0.215919;0.713382;-0.578194;-0.331899;0.915271;0.124512;-0.381836;-0.03125;-1.68501;-0.225769;2.35226;-2.92927;0.763127;0.355876
1.038;0.216159;0.71326;-0.578314;-0.331796;0.915644;0.125;-0.380859;-0.0302734;-1.68485;-0.225196;2.35203;-2.93195;0.761343;0.355511
1.05;0.216421;0.713013;-0.578747;-0.331401;0.916066;0.125;-0.379883;-0.0297852;-1.68432;-0.223948;2.35217;-2.93389;0.759487;0.354379
1.062;0.216571;0.712871;-0.579042;-0.331094;0.916419;0.125488;-0.378906;-0.0292969;-1.68401;-0.223094;2.35238;-2.93534;0.757518;0.354503
1.074;0.216715;0.712751;-0.579283;-0.330835;0.916853;0.125488;-0.37793;-0.0283203;-1.68377;-0.222355;2.35253;-2.93849;0.755846;0.352914
1.084;0.216865;0.712678;-0.579467;-0.330572;0.917404;0.125977;-0.376465;-0.027832;-1.68367;-0.221661;2.35269;-2.94028;0.75286;0.352735
1.094;0.217003;0.712678;-0.57951;-0.330407;0.918152;0.125;-0.375;-0.0273438;-1.68378;-0.221237;2.35273;-2.94351;0.75019;0.34883
1.125;0.21709;0.712684;-0.579533;-0.330296;0.918724;0.125488;-0.373535;-0.0258789;-1.68387;-0.220965;2.35278;-2.9477;0.747567;0.347749
1.149;0.217143;0.712838;-0.579554;-0.329892;0.919014;0.126465;-0.372559;-0.0249023;-1.68436;-0.220407;2.35336;-2.94984;0.745685;0.348697
1.156;0.217442;0.71301;-0.579417;-0.329562;0.919225;0.126465;-0.37207;-0.0244141;-1.68512;-0.219747;2.35346;-2.95139;0.744844;0.347931
1.165;0.217635;0.713019;-0.57939;-0.329464;0.91917;0.126953;-0.37207;-0.0239258;-1.68531;-0.219394;2.35333;-2.95212;0.744924;0.348711
1.179;0.217699;0.712889;-0.579631;-0.329279;0.919257;0.12793;-0.371582;-0.0229492;-1.68497;-0.21885;2.35348;-2.95392;0.744069;0.349971
1.193;0.217821;0.71268;-0.580048;-0.328915;0.919467;0.12793;-0.371094;-0.0224609;-1.68444;-0.217849;2.3538;-2.95547;0.743231;0.349211
1.205;0.217998;0.71239;-0.580653;-0.328358;0.919478;0.12793;-0.371094;-0.0219727;-1.68371;-0.216359;2.35431;-2.95668;0.743412;0.348752
1.215;0.218117;0.712123;-0.58118;-0.327926;0.919422;0.128418;-0.371094;-0.0214844;-1.683;-0.215174;2.35472;-2.9574;0.743497;0.349533
1.227;0.218298;0.711892;-0.58161;-0.327545;0.919433;0.128418;-0.371094;-0.0209961;-1.68246;-0.214056;2.35497;-2.95861;0.743678;0.349074
1.238;0.218455;0.711648;-0.582034;-0.327216;0.919641;0.128418;-0.370605;-0.0205078;-1.68186;-0.213036;2.35517;-2.96016;0.742837;0.348317
1.25;0.218522;0.711454;-0.582416;-0.326913;0.919584;0.128906;-0.370605;-0.0200195;-1.68133;-0.212215;2.35548;-2.96089;0.742923;0.349098
1.262;0.218634;0.711253;-0.582846;-0.326512;0.919594;0.128906;-0.370605;-0.0195313;-1.68082;-0.211171;2.35588;-2.9621;0.743104;0.34864
1.295;0.218822;0.711022;-0.583274;-0.326123;0.919334;0.129883;-0.371094;-0.015625;-1.68029;-0.210037;2.35613;-2.97048;0.745392;0.34774
1.321;0.219343;0.710467;-0.584347;-0.325062;0.919366;0.129883;-0.371094;-0.0136719;-1.67906;-0.207022;2.35683;-2.97532;0.746115;0.345895
1.328;0.219064;0.710664;-0.584261;-0.324973;0.919366;0.129883;-0.371094;-0.0136719;-1.6794;-0.207395;2.35743;-2.97532;0.746115;0.345895
1.332;0.218987;0.711327;-0.583427;-0.325072;0.919161;0.129883;-0.371582;-0.0141602;-1.68129;-0.208445;2.35756;-2.97378;0.746957;0.346644
1.345;0.218953;0.711972;-0.582172;-0.325931;0.9192;0.128906;-0.371582;-0.0195313;-1.6832;-0.210727;2.35647;-2.96143;0.745149;0.349233
1.382;0.218062;0.714201;-0.578831;-0.327598;0.919484;0.126465;-0.371582;-0.0219727;-1.68911;-0.217204;2.35585;-2.95778;0.744725;0.345328
1.392;0.218703;0.714697;-0.578049;-0.327469;0.919527;0.125977;-0.371582;-0.0229492;-1.69115;-0.216939;2.35523;-2.95584;0.744463;0.345009
1.404;0.218886;0.715122;-0.577596;-0.327221;0.919465;0.124512;-0.37207;-0.0253906;-1.69256;-0.216845;2.35545;-2.9509;0.744886;0.343891
1.414;0.218382;0.716544;-0.575894;-0.327443;0.919541;0.123535;-0.37207;-0.0273438;-1.69638;-0.219483;2.35625;-2.94701;0.744374;0.343254
1.426;0.217737;0.71817;-0.573817;-0.327958;0.919201;0.124023;-0.372559;-0.0297852;-1.70073;-0.223022;2.35688;-2.94014;0.744392;0.347102
1.436;0.216409;0.720863;-0.570032;-0.329526;0.918952;0.123535;-0.373047;-0.0332031;-1.70778;-0.230398;2.35727;-2.9318;0.744251;0.349398
1.448;0.214666;0.724022;-0.565659;-0.331272;0.918496;0.122559;-0.374023;-0.0380859;-1.716;-0.239113;2.35819;-2.91995;0.744687;0.352169
1.459;0.212046;0.728419;-0.559556;-0.333675;0.918253;0.121094;-0.374512;-0.043457;-1.72746;-0.251448;2.35989;-2.90771;0.744044;0.353849
1.473;0.209234;0.732821;-0.553353;-0.336146;0.91796;0.119141;-0.375;-0.050293;-1.73901;-0.264172;2.36189;-2.89231;0.742981;0.355678
1.485;0.20486;0.73891;-0.54457;-0.339835;0.917349;0.116211;-0.375977;-0.0600586;-1.75503;-0.28285;2.36519;-2.87021;0.742111;0.358162
1.519;0.20091;0.744174;-0.53676;-0.343115;0.915581;0.110352;-0.378418;-0.0795898;-1.76919;-0.299449;2.36837;-2.82548;0.741478;0.363649
1.551;0.189543;0.758869;-0.513991;-0.352143;0.914563;0.105469;-0.378906;-0.0942383;-1.81084;-0.346506;2.3791;-2.79341;0.738512;0.365546
1.584;0.178513;0.77209;-0.49192;-0.360589;0.913006;0.0952148;-0.376953;-0.123535;-1.85135;-0.391078;2.39123;-2.73219;0.727221;0.365497
1.589;0.164602;0.786432;-0.464825;-0.37198;0.912253;0.0888672;-0.374512;-0.140137;-1.89951;-0.446767;2.40668;-2.69917;0.718681;0.362779
1.602;0.161969;0.788868;-0.459071;-0.375109;0.911347;0.0854492;-0.373535;-0.150391;-1.90859;-0.459068;2.40841;-2.67783;0.714366;0.362765
1.614;0.154955;0.794779;-0.445529;-0.381863;0.910608;0.0825195;-0.372559;-0.158691;-1.93107;-0.488067;2.41529;-2.66086;0.710642;0.362151
1.623;0.149098;0.799696;-0.433906;-0.387274;0.909673;0.0795898;-0.37207;-0.166504;-1.95098;-0.512106;2.42197;-2.6446;0.708137;0.361583
1.636;0.145334;0.802971;-0.425927;-0.39077;0.90894;0.0766602;-0.371582;-0.172852;-1.96499;-0.527936;2.42671;-2.63191;0.706256;0.359729
1.647;0.140209;0.806992;-0.415779;-0.395263;0.908544;0.0737305;-0.370605;-0.178223;-1.98289;-0.548439;2.43353;-2.62206;0.703828;0.356515
1.66;0.136044;0.80973;-0.408435;-0.398761;0.908304;0.0708008;-0.369141;-0.183594;-1.99566;-0.56409;2.43905;-2.61266;0.700483;0.352794
1.67;0.131523;0.812906;-0.400015;-0.402334;0.907648;0.0673828;-0.367676;-0.190918;-2.01105;-0.581045;2.44594;-2.59884;0.696728;0.349622
1.684;0.126634;0.815587;-0.39175;-0.406588;0.907024;0.0634766;-0.365234;-0.199707;-2.02518;-0.599219;2.4524;-2.58273;0.690858;0.345525
1.719;0.119087;0.819323;-0.38004;-0.41243;0.902509;0.0527344;-0.358398;-0.23291;-2.04597;-0.625263;2.46351;-2.51623;0.671741;0.341494
1.752;0.0995274;0.828242;-0.346722;-0.428828;0.892849;0.0292969;-0.348145;-0.28418;-2.1067;-0.69623;2.49503;-2.41681;0.649804;0.319641
1.762;0.0794415;0.838436;-0.3094;-0.441571;0.890187;0.0209961;-0.343262;-0.298828;-2.18865;-0.763287;2.54416;-2.3909;0.641735;0.307594
1.776;0.0733602;0.840667;-0.299104;-0.445459;0.88855;0.0170898;-0.34082;-0.306641;-2.21206;-0.782537;2.55957;-2.37647;0.637502;0.302494
1.806;0.0639132;0.843454;-0.283683;-0.451691;0.877095;-0.00244141;-0.325684;-0.353027;-2.24777;-0.812049;2.58395;-2.28791;0.610205;0.278967
1.814;0.0413484;0.847972;-0.24727;-0.467003;0.870304;-0.00878906;-0.320313;-0.374023;-2.33791;-0.881293;2.64859;-2.2443;0.59936;0.27512
1.826;0.0340173;0.849617;-0.234872;-0.470987;0.862743;-0.0146484;-0.315918;-0.394531;-2.37314;-0.901628;2.67501;-2.20029;0.590373;0.273025
1.855;0.0226324;0.851888;-0.214543;-0.477227;0.845634;-0.0273438;-0.306641;-0.436035;-2.43383;-0.932945;2.72063;-2.11048;0.57336;0.266408
1.861;-0.00681464;0.856242;-0.163902;-0.489836;0.830359;-0.0429688;-0.295898;-0.470215;-2.61042;-0.999259;2.86272;-2.03967;0.560739;0.246827
1.871;-0.0132166;0.856751;-0.153573;-0.492156;0.824965;-0.0488281;-0.291992;-0.481445;-2.65109;-1.01101;2.89714;-2.01651;0.557165;0.238595
1.881;-0.0243739;0.857219;-0.134763;-0.496407;0.813082;-0.0610352;-0.28418;-0.504395;-2.72766;-1.03064;2.96172;-1.96813;0.551182;0.221821
1.893;-0.0361902;0.857634;-0.115272;-0.499867;0.800836;-0.0737305;-0.277832;-0.525391;-2.81293;-1.04664;3.03516;-1.92226;0.549746;0.20533
1.905;-0.0509058;0.858069;-0.0898221;-0.503048;0.787394;-0.0834961;-0.272949;-0.546387;-2.92939;-1.06018;3.13544;-1.87287;0.548115;0.196674
1.916;-0.0667213;0.858047;-0.0626076;-0.505354;0.774126;-0.0927734;-0.268066;-0.565918;-3.05868;-1.06666;-3.03535;-1.82616;0.546895;0.188161
1.938;-0.081571;0.856878;-0.0377112;-0.507626;0.753438;-0.106445;-0.258301;-0.595215;3.10386;-1.06771;-2.92947;-1.7563;0.542108;0.172564
1.951;-0.107829;0.852712;0.00805827;-0.511068;0.73679;-0.117676;-0.248535;-0.617676;2.88759;-1.0549;-2.74154;-1.70318;0.537055;0.156151
1.976;-0.122675;0.848414;0.0368087;-0.513605;0.666992;-0.157227;-0.212891;-0.696476;2.76001;-1.04013;-2.63409;-1.50039;0.52707;0.10061
2.014;-0.15309;0.83691;0.0961865;-0.516617;0.584961;-0.193848;-0.183105;-0.765974;2.52225;-0.988631;-2.43822;-1.2872;0.536561;0.0625447
2.023;-0.217119;0.805159;0.210259;-0.510264;0.552246;-0.207031;-0.17041;-0.789381;2.18;-0.818884;-2.16957;-1.20784;0.541088;0.0471187
2.035;-0.22981;0.796945;0.233042;-0.507698;0.533691;-0.214355;-0.163574;-0.801541;2.12686;-0.778349;-2.13182;-1.16393;0.544774;0.039091
2.048;-0.244465;0.786398;0.260542;-0.503917;0.517578;-0.220215;-0.156738;-0.81182;2.06834;-0.727723;-2.09326;-1.12644;0.546615;0.0310591
2.058;-0.257597;0.776013;0.285506;-0.499935;0.5;-0.228516;-0.149902;-0.821772;2.01922;-0.680036;-2.06296;-1.08725;0.553277;0.0209869
2.071;-0.2664;0.767425;0.304399;-0.497425;0.478027;-0.238281;-0.141602;-0.833463;1.98259;-0.645113;-2.04266;-1.03867;0.561641;0.00972456
2.082;-0.279664;0.753351;0.329942;-0.495366;0.452148;-0.248535;-0.133301;-0.846181;1.9309;-0.596589;-2.01138;-0.981185;0.57181;0.00100407
2.094;-0.292437;0.740846;0.351473;-0.492031;0.424316;-0.259277;-0.124023;-0.85869;1.89169;-0.55092;-1.98738;-0.920431;0.582995;-0.00842844
2.106;-0.307457;0.72571;0.375644;-0.487551;0.394043;-0.269531;-0.114258;-0.871222;1.85012;-0.496843;-1.96241;-0.854431;0.594009;-0.0160806
2.12;-0.322886;0.70884;0.401285;-0.481935;0.353516;-0.282715;-0.100098;-0.886047;1.80869;-0.437957;-1.94018;-0.767873;0.608662;-0.0274353
2.131;-0.340696;0.688028;0.430633;-0.474446;0.332031;-0.290039;-0.0913086;-0.892914;1.76372;-0.367661;-1.91814;-0.723561;0.617004;-0.036229
2.142;-0.3525;0.672562;0.452063;-0.46802;0.314941;-0.296875;-0.0830078;-0.897656;1.73268;-0.316077;-1.90682;-0.690003;0.625211;-0.0468468
2.173;-0.361004;0.659037;0.470616;-0.462458;0.28418;-0.313965;-0.0654297;-0.903541;1.70549;-0.273149;-1.90034;-0.634914;0.649199;-0.0756567
2.213;-0.378089;0.620881;0.51716;-0.451776;0.208496;-0.344238;-0.0380859;-0.914647;1.62856;-0.170763;-1.88642;-0.483735;0.701801;-0.0968859
2.235;-0.395714;0.560374;0.577836;-0.442149;0.145508;-0.364746;-0.0151367;-0.919543;1.51194;-0.0382312;-1.87135;-0.35524;0.741242;-0.106364
2.249;-0.4132;0.517166;0.613886;-0.430058;0.133301;-0.371094;-0.0117188;-0.918903;1.44662;0.0625329;-1.86419;-0.330351;0.754772;-0.106454
2.274;-0.419089;0.497632;0.628982;-0.425569;0.0810547;-0.391602;0;-0.916558;1.41589;0.103831;-1.863;-0.215075;0.800712;-0.0913114
2.288;-0.424468;0.472789;0.645994;-0.42307;0.0576172;-0.398926;0.00976563;-0.915119;1.37479;0.148912;-1.85962;-0.166203;0.816866;-0.0934047
2.298;-0.433193;0.4476;0.661247;-0.418032;0.0307617;-0.407227;0.0214844;-0.912556;1.34021;0.200004;-1.85541;-0.110054;0.835919;-0.0959949
2.311;-0.43796;0.432524;0.670149;-0.414747;0.015625;-0.412109;0.0283203;-0.91056;1.31936;0.23025;-1.85431;-0.0783384;0.84748;-0.0975342
2.322;-0.441268;0.418225;0.67911;-0.411316;0.00390625;-0.415527;0.0371094;-0.908815;1.29774;0.258151;-1.85619;-0.0578904;0.85563;-0.108023
2.335;-0.443891;0.408029;0.686133;-0.407057;-0.00488281;-0.417969;0.043457;-0.907408;1.28277;0.280623;-1.86054;-0.0421941;0.861716;-0.115107
2.347;-0.447842;0.396312;0.693643;-0.40154;-0.0131836;-0.419922;0.0473633;-0.906228;1.26737;0.307854;-1.86507;-0.0245445;0.86692;-0.115794
2.357;-0.451968;0.385433;0.699642;-0.397074;-0.0219727;-0.421387;0.0478516;-0.905351;1.25415;0.33243;-1.86722;-0.000841855;0.871211;-0.106002
2.37;-0.454732;0.377221;0.70416;-0.393803;-0.0351563;-0.42334;0.0488281;-0.903971;1.24361;0.350435;-1.86937;0.034752;0.876974;-0.0916278
2.381;-0.458408;0.367509;0.708909;-0.39019;-0.0546875;-0.427246;0.0522461;-0.900966;1.23207;0.371637;-1.87066;0.0854897;0.887638;-0.0751824
2.393;-0.46233;0.352238;0.716566;-0.385633;-0.0810547;-0.432129;0.0615234;-0.896052;1.21066;0.401621;-1.87429;0.149014;0.901718;-0.0648634
2.422;-0.470293;0.325845;0.728718;-0.376324;-0.141602;-0.440918;0.0849609;-0.882226;1.17607;0.455793;-1.88137;0.297237;0.930703;-0.0419358
2.428;-0.489442;0.247908;0.75924;-0.350062;-0.158203;-0.443359;0.0922852;-0.877432;1.06533;0.606069;-1.91301;0.338131;0.939451;-0.0367168
2.441;-0.491051;0.23899;0.762941;-0.345939;-0.173828;-0.446289;0.0957031;-0.872611;1.0506;0.623567;-1.92083;0.382827;0.947819;-0.0203425
2.452;-0.493042;0.224694;0.769446;-0.338195;-0.18457;-0.448242;0.0981445;-0.869126;1.02468;0.651974;-1.93759;0.413926;0.953397;-0.00887155
2.466;-0.493998;0.215336;0.773692;-0.333162;-0.191406;-0.449219;0.0986328;-0.867086;1.00656;0.669917;-1.94967;0.43535;0.955809;0.00159493
2.478;-0.494518;0.20986;0.776545;-0.329225;-0.191406;-0.44873;0.0961914;-0.867613;0.995157;0.681359;-1.95917;0.43861;0.953543;0.00840613
2.489;-0.494781;0.212087;0.775107;-0.330787;-0.189941;-0.447266;0.0932617;-0.86901;1.00093;0.677317;-1.95425;0.437268;0.948918;0.0134198
2.499;-0.494112;0.216825;0.772589;-0.334584;-0.194336;-0.446289;0.0932617;-0.86854;1.01044;0.666703;-1.94576;0.450292;0.946694;0.019607
2.514;-0.494397;0.217173;0.771681;-0.336029;-0.197754;-0.446289;0.0952148;-0.867556;1.01256;0.665027;-1.94183;0.45816;0.947604;0.0193671
2.523;-0.495156;0.21152;0.772692;-0.336195;-0.197266;-0.446777;0.0952148;-0.867416;1.00377;0.67255;-1.94178;0.456998;0.948682;0.0190248
2.537;-0.495387;0.208048;0.773703;-0.335695;-0.193848;-0.447266;0.0932617;-0.868147;0.997467;0.677547;-1.94364;0.449486;0.948844;0.0196941
2.549;-0.49542;0.206384;0.774202;-0.335523;-0.187988;-0.447754;0.0898438;-0.869543;0.994293;0.679774;-1.94457;0.436482;0.948362;0.0207534
2.56;-0.494524;0.209351;0.773118;-0.337501;-0.181152;-0.447266;0.0859375;-0.871638;0.998866;0.673003;-1.94122;0.420518;0.945592;0.020904
2.571;-0.493546;0.213738;0.771383;-0.340142;-0.17627;-0.447266;0.081543;-0.87306;1.00625;0.663684;-1.93614;0.411745;0.943687;0.0260682
2.583;-0.492422;0.219163;0.769397;-0.342808;-0.173828;-0.446289;0.078125;-0.874361;1.0152;0.652877;-1.93104;0.408465;0.940064;0.0314364
2.597;-0.491351;0.225082;0.767065;-0.345721;-0.170898;-0.445313;0.0751953;-0.875692;1.02524;0.64121;-1.9252;0.40299;0.936714;0.0346271
2.61;-0.489705;0.232231;0.764441;-0.349125;-0.168945;-0.444336;0.0708008;-0.876932;1.03639;0.626787;-1.91933;0.402594;0.932694;0.0435977
2.639;-0.489504;0.23902;0.761184;-0.351929;-0.171875;-0.443359;0.0639648;-0.877382;1.04984;0.615013;-1.91168;0.42039;0.927259;0.0669828
2.644;-0.488287;0.244912;0.75789;-0.356647;-0.171387;-0.441895;0.0581055;-0.878624;1.06004;0.600968;-1.90271;0.425865;0.921379;0.0817222
2.658;-0.488417;0.246416;0.756836;-0.357671;-0.167969;-0.439941;0.0541992;-0.880512;1.06355;0.598049;-1.89983;0.419403;0.915642;0.0860217
2.668;-0.489127;0.251197;0.752745;-0.361982;-0.161133;-0.437012;0.0527344;-0.883332;1.07579;0.587784;-1.88785;0.398842;0.909258;0.0776749
2.68;-0.489125;0.25684;0.749054;-0.365662;-0.151367;-0.433105;0.050293;-0.887118;1.08759;0.576303;-1.87868;0.370626;0.900529;0.067476
2.691;-0.488581;0.266142;0.743425;-0.371183;-0.140625;-0.428711;0.0473633;-0.891172;1.10535;0.55727;-1.86613;0.340471;0.890572;0.0575184
2.705;-0.488199;0.275741;0.737689;-0.37609;-0.121582;-0.420898;0.0429688;-0.897895;1.12357;0.538527;-1.85467;0.287472;0.873051;0.039208
2.717;-0.48669;0.291098;0.728866;-0.3836;-0.109863;-0.415527;0.0395508;-0.902055;1.15023;0.507659;-1.83946;0.256442;0.860773;0.030607
2.747;-0.485842;0.305268;0.720308;-0.389775;-0.0922852;-0.403809;0.034668;-0.909516;1.1755;0.480183;-1.8262;0.209811;0.834469;0.0170787
2.753;-0.483627;0.338722;0.69827;-0.404711;-0.0859375;-0.398438;0.0283203;-0.912721;1.23394;0.412865;-1.7961;0.198492;0.821536;0.0246458
2.763;-0.48428;0.342499;0.695294;-0.405873;-0.081543;-0.393066;0.0209961;-0.915647;1.24229;0.406515;-1.79195;0.193538;0.808488;0.0371556
2.775;-0.487107;0.346743;0.689951;-0.407999;-0.0854492;-0.390625;0.0151367;-0.91645;1.25625;0.399782;-1.78136;0.209733;0.801735;0.0561262
2.817;-0.492083;0.344226;0.68658;-0.409844;-0.111328;-0.385742;-0.00585938;-0.915846;1.26275;0.40449;-1.76761;0.298419;0.782784;0.136712
2.834;-0.517876;0.303724;0.687927;-0.407815;-0.109375;-0.378418;-0.0126953;-0.919062;1.2501;0.483404;-1.71927;0.296439;0.765368;0.147687
2.845;-0.522878;0.302461;0.682286;-0.411828;-0.100098;-0.373047;-0.0141602;-0.922288;1.26072;0.482935;-1.69987;0.271351;0.754986;0.138857
2.853;-0.522284;0.310918;0.676388;-0.415992;-0.0883789;-0.368652;-0.0136719;-0.925255;1.27446;0.464363;-1.69227;0.239005;0.747459;0.123658
2.867;-0.521337;0.318142;0.672006;-0.41881;-0.0791016;-0.366699;-0.012207;-0.92689;1.28497;0.449152;-1.68831;0.213241;0.744832;0.109908
2.877;-0.517102;0.330774;0.66636;-0.423272;-0.0727539;-0.365723;-0.00976563;-0.927825;1.29738;0.421508;-1.68821;0.19442;0.743995;0.0971084
2.889;-0.513379;0.337264;0.664529;-0.425555;-0.0698242;-0.366211;-0.00634766;-0.927887;1.30037;0.406353;-1.69159;0.183805;0.746016;0.0857815
2.901;-0.509995;0.343104;0.663091;-0.427195;-0.0678711;-0.367676;-0.00537109;-0.927458;1.30304;0.393259;-1.69543;0.178321;0.749508;0.0818813
2.915;-0.507715;0.345086;0.663896;-0.427064;-0.0625;-0.367676;-0.00585938;-0.927833;1.30136;0.389139;-1.70052;0.165129;0.749881;0.0777428
2.94;-0.503218;0.349637;0.664544;-0.427675;-0.0571289;-0.372559;-0.00195313;-0.926246;1.29943;0.37875;-1.70871;0.148761;0.761405;0.0638478
2.951;-0.496989;0.358152;0.666961;-0.424137;-0.0498047;-0.374023;0.00146484;-0.92608;1.30022;0.367339;-1.72812;0.126755;0.765498;0.0479258
2.961;-0.491909;0.364792;0.669801;-0.419905;-0.0395508;-0.374023;0.00634766;-0.926554;1.30046;0.360354;-1.74632;0.0952968;0.766485;0.0247444
2.974;-0.487506;0.372463;0.671523;-0.41553;-0.0273438;-0.373047;0.0117188;-0.927335;1.30424;0.352457;-1.76307;0.0582121;0.764976;-0.00184844
2.983;-0.481776;0.382228;0.672663;-0.411484;-0.0146484;-0.370605;0.0200195;-0.928459;1.30944;0.340103;-1.78148;0.0170526;0.75979;-0.0363083
2.995;-0.479096;0.388373;0.672296;-0.409453;-0.0078125;-0.369629;0.0239258;-0.928838;1.31491;0.332224;-1.79007;-0.00436844;0.757387;-0.0532445
3.027;-0.47709;0.392803;0.672549;-0.407146;0;-0.366699;0.0317383;-0.929798;1.31868;0.327711;-1.79796;-0.0318289;0.750373;-0.0807792
3.051;-0.472285;0.404897;0.67107;-0.403324;0.00195313;-0.367188;0.0341797;-0.929517;1.33101;0.312316;-1.81334;-0.03932;0.751152;-0.0890151
3.075;-0.472741;0.401728;0.67575;-0.398112;0.00585938;-0.366699;0.0361328;-0.929619;1.32538;0.32472;-1.82251;-0.05111;0.749615;-0.0978082
3.111;-0.469615;0.408575;0.675077;-0.39598;-0.00683594;-0.371582;0.0444336;-0.927311;1.33177;0.315695;-1.83183;-0.0281005;0.761146;-0.107003
3.117;-0.469734;0.404535;0.67864;-0.39389;-0.00976563;-0.373535;0.0463867;-0.926404;1.32416;0.324543;-1.83598;-0.0229723;0.765635;-0.109311
3.129;-0.468132;0.405508;0.6798;-0.392794;-0.0117188;-0.375488;0.0483398;-0.925491;1.32269;0.323524;-1.84106;-0.0203537;0.770027;-0.112616
3.141;-0.465781;0.406062;0.682117;-0.390995;-0.00585938;-0.376953;0.0546875;-0.924598;1.31889;0.323512;-1.84896;-0.0424395;0.772183;-0.135411
3.151;-0.46181;0.409784;0.683521;-0.389367;0.00439453;-0.37793;0.0605469;-0.923842;1.31799;0.31751;-1.85925;-0.0752945;0.77227;-0.161512
3.161;-0.456889;0.416161;0.684015;-0.387539;0.0112305;-0.380859;0.0620117;-0.922483;1.32046;0.307294;-1.8713;-0.0954691;0.77719;-0.173354
3.173;-0.452361;0.423178;0.683615;-0.385956;0.0180664;-0.382813;0.0620117;-0.921565;1.32517;0.296135;-1.88193;-0.113878;0.780076;-0.181234
3.185;-0.446101;0.431469;0.682951;-0.385236;0.0268555;-0.383301;0.0610352;-0.921213;1.32946;0.280562;-1.89399;-0.135766;0.779502;-0.188156
3.196;-0.440996;0.438596;0.682439;-0.383971;0.034668;-0.383789;0.0600586;-0.920813;1.33388;0.268296;-1.90489;-0.155136;0.779089;-0.194055
3.212;-0.436069;0.445632;0.681872;-0.3825;0.0419922;-0.384766;0.0581055;-0.920226;1.33867;0.256584;-1.91574;-0.172458;0.779977;-0.197152
3.238;-0.429266;0.455553;0.68;-0.381841;0.0532227;-0.387695;0.0546875;-0.918623;1.34622;0.238149;-1.92808;-0.199395;0.784498;-0.201638
3.244;-0.417814;0.470349;0.676413;-0.382975;0.0703125;-0.38916;0.0532227;-0.916939;1.35623;0.206428;-1.94473;-0.24301;0.784099;-0.216843
3.275;-0.41522;0.474578;0.674596;-0.383782;0.0864258;-0.38916;0.0498047;-0.915753;1.36047;0.197219;-1.94737;-0.281208;0.781211;-0.225095
3.306;-0.401674;0.497352;0.665492;-0.385253;0.0913086;-0.388672;0.0483398;-0.915565;1.385;0.151994;-1.96591;-0.292018;0.77944;-0.22615
3.317;-0.391295;0.515805;0.656244;-0.387528;0.0952148;-0.39209;0.0551758;-0.913321;1.40735;0.114039;-1.97795;-0.311563;0.783412;-0.250239
3.329;-0.388437;0.521211;0.653547;-0.387726;0.0869141;-0.397949;0.0585938;-0.9114;1.41441;0.103735;-1.98201;-0.297778;0.796905;-0.254526
3.341;-0.386298;0.511752;0.661589;-0.388823;0.0927734;-0.394531;0.0576172;-0.91237;1.39091;0.113423;-1.98424;-0.309539;0.788399;-0.255751
3.355;-0.388173;0.50903;0.664012;-0.386391;0.0981445;-0.39209;0.0561523;-0.912951;1.388;0.122439;-1.98566;-0.320164;0.782276;-0.255832
3.375;-0.388611;0.512737;0.661915;-0.384643;0.104004;-0.390137;0.0571289;-0.913079;1.3965;0.120304;-1.98776;-0.33485;0.776194;-0.262944
3.404;-0.390768;0.514003;0.65988;-0.384266;0.109375;-0.386719;0.0585938;-0.913812;1.40258;0.120988;-1.98474;-0.347523;0.766974;-0.269469
3.412;-0.394201;0.514127;0.658239;-0.383407;0.111328;-0.384766;0.0605469;-0.914273;1.40826;0.125043;-1.98048;-0.352936;0.761601;-0.274793
3.424;-0.394852;0.515617;0.657292;-0.382359;0.110352;-0.383789;0.0629883;-0.914637;1.41244;0.12509;-1.98112;-0.352081;0.758941;-0.279158
3.436;-0.395406;0.51786;0.655984;-0.380999;0.109863;-0.383789;0.065918;-0.914489;1.41808;0.124474;-1.9824;-0.353687;0.757983;-0.286016
3.479;-0.395248;0.520089;0.655307;-0.379289;0.103027;-0.389648;0.0717773;-0.912364;1.42255;0.123805;-1.9855;-0.346721;0.770106;-0.298728
3.488;-0.392058;0.525188;0.655282;-0.375597;0.104492;-0.392578;0.0727539;-0.910863;1.42837;0.119583;-1.99697;-0.353862;0.775349;-0.305173
3.498;-0.390749;0.52424;0.657579;-0.374269;0.105469;-0.39502;0.0742188;-0.909575;1.42422;0.121785;-2.00156;-0.35992;0.77953;-0.312021
3.512;-0.388934;0.522724;0.660862;-0.372493;0.106934;-0.397461;0.0761719;-0.908178;1.41804;0.124967;-2.00783;-0.367807;0.783326;-0.320694
3.523;-0.386002;0.52104;0.665121;-0.370316;0.102539;-0.401367;0.081543;-0.906499;1.40975;0.127927;-2.01669;-0.365518;0.790855;-0.333414
3.535;-0.384214;0.519036;0.668325;-0.369219;0.0996094;-0.40625;0.0825195;-0.90456;1.40262;0.130656;-2.02175;-0.363447;0.801666;-0.337373
3.544;-0.382118;0.516492;0.671726;-0.36879;0.100586;-0.411133;0.0805664;-0.90242;1.39388;0.132793;-2.02621;-0.368503;0.812228;-0.338023
3.558;-0.380941;0.515541;0.673229;-0.368598;0.101074;-0.412109;0.0800781;-0.901963;1.39002;0.13326;-2.02857;-0.370187;0.814273;-0.338235
3.586;-0.379564;0.514788;0.674619;-0.36853;0.104004;-0.418457;0.0810547;-0.898614;1.38628;0.133084;-2.03104;-0.385291;0.825966;-0.350446
3.592;-0.377559;0.514391;0.675819;-0.368945;0.107422;-0.418945;0.0830078;-0.897806;1.38237;0.131135;-2.03364;-0.397038;0.824825;-0.359959
3.604;-0.377561;0.514301;0.675837;-0.369034;0.111816;-0.418945;0.0834961;-0.897224;1.38219;0.131125;-2.03348;-0.40921;0.822873;-0.366183
3.616;-0.376838;0.515826;0.675434;-0.368382;0.115234;-0.42041;0.0839844;-0.89606;1.38433;0.129378;-2.03568;-0.42037;0.824295;-0.372904
3.628;-0.37636;0.517063;0.675241;-0.36749;0.117676;-0.422363;0.0839844;-0.894823;1.38624;0.12859;-2.03793;-0.428993;0.827312;-0.377847
3.64;-0.375685;0.518937;0.674725;-0.366486;0.119141;-0.423828;0.0844727;-0.89389;1.38922;0.126943;-2.04063;-0.435068;0.829484;-0.382461
3.654;-0.37536;0.520668;0.674462;-0.364843;0.119629;-0.424805;0.0864258;-0.893174;1.39241;0.126747;-2.04389;-0.439645;0.830356;-0.38927
3.664;-0.375288;0.522528;0.674029;-0.363054;0.120117;-0.427246;0.0893555;-0.891655;1.39627;0.126838;-2.04697;-0.447048;0.833733;-0.400409
3.678;-0.375213;0.523094;0.674226;-0.361949;0.119141;-0.428711;0.0913086;-0.890885;1.39735;0.127637;-2.04897;-0.448381;0.836209;-0.406204
3.692;-0.375542;0.524013;0.673855;-0.360968;0.119629;-0.430176;0.0908203;-0.890163;1.39981;0.128169;-2.05006;-0.450899;0.839223;-0.407268
3.704;-0.376458;0.523571;0.673907;-0.360558;0.121094;-0.429688;0.0893555;-0.890349;1.40023;0.130207;-2.0493;-0.452569;0.838295;-0.404491
3.716;-0.377492;0.522132;0.674375;-0.360688;0.125488;-0.427734;0.0883789;-0.890778;1.39868;0.132879;-2.0475;-0.46082;0.832849;-0.404545
3.752;-0.377229;0.523105;0.674607;-0.359117;0.128418;-0.425293;0.0922852;-0.891133;1.40034;0.133648;-2.05058;-0.469889;0.82461;-0.415007
3.761;-0.37835;0.523591;0.67665;-0.353339;0.120605;-0.431152;0.100098;-0.888562;1.40291;0.142493;-2.05868;-0.465092;0.836147;-0.434017
3.775;-0.37422;0.5198;0.682525;-0.352033;0.114746;-0.434082;0.104492;-0.887405;1.38834;0.145367;-2.06814;-0.458221;0.842686;-0.442702
3.784;-0.370026;0.512842;0.692047;-0.348057;0.111816;-0.435547;0.106934;-0.88677;1.36678;0.155783;-2.08266;-0.455101;0.845867;-0.447717
3.798;-0.369109;0.510019;0.696128;-0.345027;0.109863;-0.437012;0.108887;-0.886056;1.35917;0.16267;-2.08976;-0.45405;0.848832;-0.452575
3.809;-0.367759;0.503987;0.702034;-0.343363;0.108398;-0.437988;0.110352;-0.885572;1.34408;0.171092;-2.09558;-0.453118;0.850812;-0.456071
3.822;-0.368106;0.500458;0.704876;-0.342329;0.107422;-0.437988;0.110352;-0.885691;1.33696;0.177221;-2.09727;-0.450515;0.851297;-0.454942
3.835;-0.368615;0.496917;0.707496;-0.341536;0.10791;-0.435547;0.11084;-0.886774;1.3301;0.18318;-2.0983;-0.449189;0.845861;-0.453621
3.847;-0.369431;0.501371;0.704359;-0.340627;0.105469;-0.435547;0.113281;-0.88676;1.3408;0.17983;-2.09798;-0.44551;0.845882;-0.457326
3.857;-0.369841;0.50229;0.704301;-0.338943;0.102539;-0.435547;0.115234;-0.886852;1.34329;0.181458;-2.10013;-0.439984;0.8464;-0.459183
3.869;-0.3705;0.502626;0.704171;-0.337995;0.102051;-0.43457;0.116211;-0.887259;1.34495;0.183042;-2.10067;-0.43855;0.84419;-0.459974
3.881;-0.371658;0.504311;0.702538;-0.337612;0.103516;-0.432617;0.117188;-0.887916;1.35029;0.1827;-2.09921;-0.441017;0.839027;-0.461723
3.891;-0.372999;0.507781;0.699289;-0.337675;0.10498;-0.431152;0.117676;-0.888391;1.3598;0.179704;-2.09644;-0.443538;0.835088;-0.46278
3.903;-0.37361;0.511071;0.696994;-0.336781;0.106934;-0.429688;0.117676;-0.888868;1.36779;0.177501;-2.09656;-0.446788;0.831147;-0.463081
3.913;-0.374139;0.515033;0.694037;-0.336263;0.109375;-0.429688;0.119141;-0.888376;1.37717;0.173833;-2.09607;-0.454794;0.829194;-0.469612
3.948;-0.37392;0.517798;0.692143;-0.336166;0.114258;-0.431641;0.119629;-0.886747;1.38285;0.170302;-2.09625;-0.470646;0.830362;-0.478794
3.957;-0.372906;0.523813;0.686791;-0.338938;0.117188;-0.431641;0.118164;-0.886561;1.39459;0.157791;-2.09245;-0.476689;0.829594;-0.47817
3.961;-0.37295;0.524016;0.686951;-0.338252;0.119629;-0.431152;0.117188;-0.886602;1.39507;0.158561;-2.09353;-0.481342;0.827855;-0.477637
3.972;-0.372938;0.52377;0.687562;-0.337402;0.120605;-0.431641;0.116211;-0.886361;1.39448;0.160078;-2.09504;-0.483479;0.82884;-0.476811
3.982;-0.37319;0.522677;0.688488;-0.336931;0.121582;-0.431641;0.115234;-0.886355;1.39244;0.162374;-2.09556;-0.484967;0.828848;-0.475334
3.994;-0.373903;0.52127;0.689331;-0.336594;0.120605;-0.432617;0.114258;-0.886139;1.39043;0.165326;-2.09512;-0.48265;0.831819;-0.473024
4.006;-0.374341;0.520614;0.689687;-0.336396;0.119629;-0.433594;0.114746;-0.885731;1.38964;0.166864;-2.09481;-0.481938;0.834024;-0.474536
4.02;-0.374388;0.522014;0.688911;-0.335763;0.121094;-0.436523;0.114258;-0.884154;1.39275;0.166056;-2.09565;-0.489228;0.839389;-0.478876
4.032;-0.374637;0.523743;0.68768;-0.335314;0.121582;-0.438477;0.112793;-0.883308;1.3969;0.164769;-2.09579;-0.491573;0.843829;-0.478274
4.044;-0.375035;0.524349;0.687377;-0.334546;0.123047;-0.438965;0.114258;-0.882675;1.3988;0.165497;-2.09637;-0.497765;0.84325;-0.484465
4.054;-0.374995;0.523289;0.68866;-0.333609;0.122559;-0.440918;0.11377;-0.881832;1.39637;0.168131;-2.09817;-0.498674;0.847675;-0.485386
4.067;-0.375277;0.521022;0.690345;-0.333358;0.121582;-0.442383;0.112793;-0.881359;1.39182;0.171609;-2.09841;-0.497049;0.851651;-0.48377
4.077;-0.375264;0.517653;0.693087;-0.33293;0.12207;-0.443848;0.111328;-0.880741;1.38442;0.17641;-2.0996;-0.498759;0.855122;-0.48254
4.091;-0.374702;0.516551;0.69457;-0.332183;0.122559;-0.446777;0.110352;-0.879313;1.38113;0.178278;-2.10196;-0.503158;0.861261;-0.484748
4.121;-0.374422;0.515213;0.695839;-0.33192;0.12207;-0.449219;0.109863;-0.878198;1.37777;0.180028;-2.10305;-0.504842;0.866681;-0.486451
4.131;-0.373465;0.51191;0.698778;-0.331936;0.12207;-0.449219;0.111816;-0.877951;1.36914;0.183118;-2.10505;-0.50713;0.865602;-0.491678
4.141;-0.373131;0.51267;0.698836;-0.331015;0.121582;-0.449707;0.114258;-0.877455;1.37024;0.183134;-2.10709;-0.5094;0.865488;-0.498363
4.153;-0.37305;0.513711;0.698389;-0.330434;0.119141;-0.450195;0.117188;-0.877153;1.37235;0.182585;-2.10808;-0.507012;0.866174;-0.504069
4.166;-0.372875;0.513706;0.698828;-0.329713;0.115234;-0.452148;0.123047;-0.875867;1.37204;0.183426;-2.10961;-0.506397;0.869001;-0.518164
4.197;-0.372418;0.512672;0.700161;-0.329009;0.114746;-0.454102;0.126465;-0.874432;1.36906;0.185214;-2.11172;-0.512157;0.871259;-0.529799
4.22;-0.371768;0.508268;0.703919;-0.328559;0.116699;-0.459961;0.126953;-0.871034;1.35849;0.190547;-2.11418;-0.527347;0.881436;-0.542755
4.225;-0.371988;0.505887;0.705575;-0.328432;0.116699;-0.462402;0.126465;-0.869811;1.35365;0.193844;-2.11437;-0.530772;0.886538;-0.545433
4.237;-0.372214;0.506571;0.705082;-0.328182;0.117188;-0.464355;0.125977;-0.868776;1.35546;0.193595;-2.11434;-0.534758;0.890387;-0.547944
4.247;-0.372436;0.507966;0.704088;-0.327906;0.117676;-0.466309;0.125488;-0.867733;1.3588;0.192512;-2.11424;-0.538783;0.894234;-0.550495
4.275;-0.372567;0.508981;0.7035;-0.327445;0.117188;-0.470703;0.124023;-0.865635;1.36117;0.192053;-2.11468;-0.543183;0.904063;-0.553413
4.3;-0.373464;0.511458;0.701206;-0.327483;0.117676;-0.477539;0.12207;-0.862095;1.36791;0.189902;-2.11278;-0.554194;0.918412;-0.560754
4.335;-0.373359;0.511794;0.701168;-0.327161;0.119141;-0.485352;0.120605;-0.857726;1.36847;0.189834;-2.11346;-0.570937;0.933756;-0.573117
4.342;-0.373612;0.511668;0.701001;-0.327426;0.119141;-0.488281;0.119141;-0.856267;1.36859;0.189877;-2.1126;-0.574638;0.940425;-0.574638
4.352;-0.373801;0.511565;0.700996;-0.327381;0.119629;-0.491211;0.118652;-0.854589;1.36865;0.190259;-2.11238;-0.581125;0.946165;-0.579673
4.366;-0.373743;0.511517;0.701216;-0.327052;0.120117;-0.493652;0.118164;-0.85318;1.36844;0.190718;-2.11305;-0.586743;0.950938;-0.583843
4.378;-0.373653;0.511721;0.701359;-0.326528;0.120605;-0.495605;0.117188;-0.852113;1.36872;0.191109;-2.11407;-0.590772;0.955073;-0.585702
4.389;-0.373577;0.51188;0.701525;-0.326009;0.120605;-0.498535;0.117676;-0.850335;1.36892;0.191561;-2.11506;-0.597513;0.960466;-0.59317
4.401;-0.373403;0.512124;0.701709;-0.325428;0.121094;-0.5;0.117676;-0.849405;1.36916;0.191898;-2.11631;-0.602005;0.962994;-0.596939
4.413;-0.373203;0.51236;0.701979;-0.324704;0.121582;-0.501953;0.117188;-0.84825;1.36933;0.192416;-2.11785;-0.606895;0.966791;-0.600387
4.425;-0.373038;0.512374;0.702415;-0.323927;0.12207;-0.503418;0.116699;-0.847379;1.36907;0.193314;-2.11945;-0.610782;0.969638;-0.60283
4.436;-0.372807;0.512198;0.70302;-0.323159;0.12207;-0.505371;0.116211;-0.846282;1.36829;0.194359;-2.12118;-0.614357;0.973752;-0.605688
4.448;-0.372726;0.511814;0.703559;-0.322687;0.122559;-0.506836;0.116211;-0.845335;1.3673;0.195399;-2.12218;-0.619021;0.976258;-0.609632
4.458;-0.372602;0.511499;0.704111;-0.322124;0.122559;-0.508301;0.115723;-0.844522;1.3664;0.196435;-2.1234;-0.621598;0.979425;-0.611492
4.468;-0.372292;0.511442;0.704643;-0.32141;0.123047;-0.509766;0.115723;-0.843568;1.36577;0.197175;-2.12514;-0.626336;0.981921;-0.615513
4.479;-0.371904;0.511316;0.705309;-0.320597;0.123535;-0.510742;0.114746;-0.843039;1.36486;0.198054;-2.1272;-0.628584;0.984148;-0.6156
4.491;-0.371754;0.511093;0.705802;-0.320041;0.124023;-0.511719;0.114746;-0.842375;1.36412;0.198938;-2.12843;-0.632261;0.985695;-0.618559
4.504;-0.371668;0.510564;0.706482;-0.319485;0.124023;-0.512695;0.114258;-0.841847;1.3628;0.200255;-2.12961;-0.633811;0.987915;-0.619393
4.517;-0.371433;0.510307;0.70716;-0.318669;0.124023;-0.513184;0.11377;-0.841616;1.36183;0.201447;-2.13144;-0.634237;0.989201;-0.619102
4.526;-0.371163;0.510098;0.707819;-0.317853;0.124023;-0.51416;0.11377;-0.84102;1.36092;0.202541;-2.13331;-0.636516;0.991079;-0.621384
4.556;-0.370998;0.509889;0.708249;-0.317421;0.124023;-0.515625;0.112793;-0.840254;1.3602;0.203214;-2.13436;-0.638532;0.994587;-0.621967
4.563;-0.370656;0.508155;0.709845;-0.317037;0.123047;-0.516113;0.11377;-0.839966;1.35587;0.205451;-2.13585;-0.638232;0.99551;-0.62455
4.576;-0.370534;0.50818;0.71007;-0.316636;0.123535;-0.516602;0.11377;-0.839594;1.35572;0.205845;-2.13674;-0.640843;0.99611;-0.626443
4.604;-0.370389;0.508051;0.710505;-0.316036;0.123047;-0.51709;0.113281;-0.839431;1.35518;0.20667;-2.13803;-0.639836;0.997735;-0.625437
4.635;-0.370502;0.507514;0.711194;-0.315214;0.123047;-0.517578;0.11377;-0.839064;1.35413;0.208555;-2.13934;-0.641728;0.998324;-0.628052
4.646;-0.370222;0.506662;0.712326;-0.314357;0.123535;-0.518066;0.113281;-0.838757;1.3518;0.210442;-2.14141;-0.643628;0.999267;-0.628513
4.656;-0.369893;0.505912;0.713253;-0.31385;0.123535;-0.518555;0.113281;-0.838455;1.34964;0.21167;-2.14294;-0.644808;1.00021;-0.629695
4.669;-0.369557;0.505209;0.714329;-0.312929;0.123535;-0.518555;0.113281;-0.838455;1.34754;0.213398;-2.14519;-0.644808;1.00021;-0.629695
4.681;-0.369156;0.504223;0.715688;-0.311888;0.122559;-0.519531;0.112305;-0.838125;1.34472;0.215543;-2.14781;-0.642803;1.00346;-0.627698
4.693;-0.36869;0.502853;0.717284;-0.310984;0.123047;-0.52002;0.112305;-0.837751;1.34098;0.217871;-2.15036;-0.645452;1.00406;-0.629629
4.705;-0.368575;0.501082;0.718744;-0.310606;0.122559;-0.520508;0.112305;-0.837519;1.33693;0.220323;-2.1515;-0.645183;1.00534;-0.630082
4.735;-0.368589;0.499266;0.720156;-0.310242;0.12207;-0.520508;0.112305;-0.837591;1.33298;0.222939;-2.15242;-0.643718;1.00568;-0.629338
4.758;-0.368482;0.495937;0.722779;-0.30961;0.121582;-0.52002;0.112793;-0.837899;1.32555;0.227527;-2.15427;-0.641802;1.00474;-0.628857
4.78;-0.368719;0.495812;0.72298;-0.309059;0.121582;-0.519531;0.112793;-0.838202;1.32559;0.228671;-2.15485;-0.640614;1.0038;-0.627667
4.786;-0.368719;0.496253;0.72292;-0.30849;0.121094;-0.519531;0.112793;-0.838273;1.32651;0.228925;-2.15576;-0.639154;1.00414;-0.626927
4.8;-0.368381;0.496518;0.723159;-0.307905;0.120117;-0.519531;0.114258;-0.838215;1.32653;0.229033;-2.15727;-0.638437;1.00378;-0.629806
4.814;-0.368203;0.496673;0.723424;-0.307247;0.120117;-0.519043;0.114746;-0.838451;1.32655;0.229542;-2.15868;-0.637988;1.0025;-0.630075
4.845;-0.368041;0.496646;0.723785;-0.306633;0.120605;-0.518555;0.114258;-0.838749;1.3262;0.230218;-2.16001;-0.637534;1.00156;-0.628182
4.858;-0.368037;0.495802;0.724672;-0.305908;0.120117;-0.518066;0.114258;-0.839121;1.32431;0.232153;-2.16142;-0.634904;1.00096;-0.62627
4.871;-0.367922;0.495557;0.725159;-0.305289;0.119629;-0.518066;0.114258;-0.839191;1.32355;0.233134;-2.16272;-0.633449;1.00131;-0.625534
4.883;-0.3677;0.49512;0.725805;-0.304731;0.118652;-0.518066;0.11377;-0.839396;1.32223;0.234133;-2.16413;-0.629797;1.00233;-0.622605
4.893;-0.367872;0.494699;0.726108;-0.304484;0.117676;-0.517578;0.115234;-0.839635;1.32155;0.235135;-2.16435;-0.627924;1.00104;-0.624325
4.906;-0.367828;0.49447;0.72643;-0.30414;0.117188;-0.51709;0.115234;-0.840004;1.32096;0.235805;-2.16506;-0.625309;1.00044;-0.622429
4.931;-0.367641;0.494589;0.726714;-0.303493;0.116699;-0.516602;0.115723;-0.840305;1.32089;0.236325;-2.16646;-0.623431;0.999493;-0.621993
4.941;-0.36763;0.494671;0.726957;-0.302789;0.116211;-0.516602;0.116211;-0.840305;1.32099;0.237158;-2.16768;-0.622711;0.999492;-0.622711
4.954;-0.367382;0.494616;0.727367;-0.302198;0.116211;-0.516602;0.116211;-0.840305;1.32045;0.237732;-2.16912;-0.622711;0.999492;-0.622711
4.967;-0.367235;0.494385;0.727802;-0.301705;0.116211;-0.516113;0.115234;-0.84074;1.31969;0.238486;-2.17025;-0.620089;0.999223;-0.618649
4.981;-0.367026;0.494162;0.728278;-0.301176;0.115723;-0.516113;0.115723;-0.84074;1.31885;0.239209;-2.17155;-0.619371;0.999221;-0.619371
4.991;-0.366966;0.493987;0.728585;-0.300793;0.115723;-0.516113;0.115723;-0.84074;1.31835;0.239851;-2.17234;-0.619371;0.999221;-0.619371
5.003;-0.366984;0.493831;0.728783;-0.300549;0.115723;-0.515625;0.115723;-0.841039;1.31801;0.240371;-2.17277;-0.618226;0.998275;-0.618226
