0.023;0.0923224;0.699721;-0.668975;-0.233109;0.838405;0.0844727;-0.535156;-0.0595703;-1.56698;-0.204114;2.67434;-2.71627;1.09144;0.461575
0.046;0.0925149;0.699734;-0.668896;-0.23322;0.838425;0.0849609;-0.535156;-0.0585938;-1.56709;-0.204031;2.67391;-2.71868;1.09172;0.461301
0.063;0.0928612;0.699597;-0.668992;-0.233217;0.838425;0.0849609;-0.535156;-0.0585938;-1.56683;-0.20347;2.67339;-2.71868;1.09172;0.461301
0.11;0.0933105;0.699319;-0.669221;-0.233214;0.838443;0.0854492;-0.535156;-0.0576172;-1.56621;-0.202677;2.6727;-2.72108;1.092;0.461028
0.139;0.094933;0.698122;-0.670214;-0.233297;0.838542;0.0844727;-0.535156;-0.0576172;-1.56342;-0.199816;2.67;-2.72313;1.09247;0.457553
0.15;0.0950727;0.698335;-0.669954;-0.233347;0.838591;0.0839844;-0.535156;-0.0576172;-1.56408;-0.199848;2.66979;-2.72416;1.09271;0.455815
0.162;0.0952095;0.698546;-0.66966;-0.233502;0.838591;0.0839844;-0.535156;-0.0576172;-1.56474;-0.20004;2.66942;-2.72416;1.09271;0.455815
0.172;0.095153;0.698907;-0.669257;-0.233603;0.83864;0.0834961;-0.535156;-0.0576172;-1.56574;-0.20051;2.66945;-2.72519;1.09294;0.454075
0.185;0.0951944;0.699273;-0.668783;-0.23385;0.83864;0.0834961;-0.535156;-0.0576172;-1.5668;-0.201073;2.66912;-2.72519;1.09294;0.454075
0.196;0.0952807;0.699582;-0.668389;-0.234014;0.838624;0.0839844;-0.535156;-0.0571289;-1.56772;-0.201413;2.66884;-2.72588;1.09296;0.454805
0.226;0.0953824;0.699691;-0.668259;-0.234018;0.838657;0.0839844;-0.535156;-0.0566406;-1.56807;-0.201359;2.66872;-2.7276;1.09322;0.453794
0.232;0.0957703;0.699568;-0.668395;-0.23384;0.838657;0.0839844;-0.535156;-0.0566406;-1.56787;-0.200489;2.66841;-2.7276;1.09322;0.453794
0.244;0.0958642;0.699538;-0.668415;-0.233834;0.83869;0.0839844;-0.535156;-0.0561523;-1.56782;-0.200335;2.66828;-2.72932;1.09347;0.452783
0.257;0.096121;0.699483;-0.668435;-0.233834;0.83869;0.0839844;-0.535156;-0.0561523;-1.56777;-0.199954;2.66791;-2.72932;1.09347;0.452783
0.266;0.0963068;0.699444;-0.668472;-0.233768;0.838674;0.0844727;-0.535156;-0.0556641;-1.56773;-0.19958;2.66774;-2.73001;1.0935;0.453514
0.281;0.0964407;0.69933;-0.668576;-0.233758;0.838674;0.0844727;-0.535156;-0.0556641;-1.56746;-0.199309;2.66754;-2.73001;1.0935;0.453514
0.291;0.0966554;0.699184;-0.668713;-0.233714;0.838706;0.0844727;-0.535156;-0.0551758;-1.56713;-0.198856;2.66727;-2.73173;1.09375;0.452502
0.303;0.0967608;0.699084;-0.668848;-0.233583;0.838755;0.0839844;-0.535156;-0.0551758;-1.56688;-0.198452;2.66729;-2.73277;1.09398;0.450756
0.335;0.096842;0.698994;-0.669023;-0.23332;0.838738;0.0844727;-0.535156;-0.0546875;-1.56666;-0.197888;2.66755;-2.73346;1.09401;0.451488
0.349;0.0971885;0.69871;-0.669462;-0.232765;0.838738;0.0844727;-0.535156;-0.0546875;-1.56599;-0.196403;2.66783;-2.73346;1.09401;0.451488
0.36;0.0974184;0.698572;-0.66958;-0.232741;0.838738;0.0844727;-0.535156;-0.0546875;-1.56569;-0.195966;2.66751;-2.73346;1.09401;0.451488
0.395;0.0976431;0.698504;-0.669625;-0.232723;0.838819;0.0839844;-0.535156;-0.0541992;-1.56558;-0.195593;2.66721;-2.73622;1.09449;0.448725
0.41;0.0980651;0.69824;-0.669923;-0.232483;0.838787;0.0839844;-0.535156;-0.0546875;-1.565;-0.19449;2.66691;-2.73449;1.09424;0.449741
0.439;0.098142;0.69837;-0.669749;-0.232561;0.839098;0.0839844;-0.534668;-0.0546875;-1.5654;-0.194592;2.66672;-2.73549;1.09318;0.448752
0.446;0.0981284;0.698638;-0.669555;-0.232319;0.839098;0.0839844;-0.534668;-0.0546875;-1.56616;-0.194432;2.66717;-2.73549;1.09318;0.448752
0.455;0.098237;0.698783;-0.669293;-0.232591;0.83913;0.0839844;-0.534668;-0.0541992;-1.56661;-0.194793;2.66665;-2.73721;1.09343;0.447738
0.467;0.0983027;0.698916;-0.669103;-0.23271;0.83913;0.0839844;-0.534668;-0.0541992;-1.56702;-0.194973;2.66642;-2.73721;1.09343;0.447738
0.479;0.0984477;0.699005;-0.668932;-0.232875;0.83913;0.0839844;-0.534668;-0.0541992;-1.56733;-0.195088;2.66599;-2.73721;1.09343;0.447738
0.492;0.0987163;0.699053;-0.66877;-0.233079;0.839081;0.0844727;-0.534668;-0.0541992;-1.56758;-0.195067;2.66533;-2.73618;1.0932;0.449484
0.503;0.0989262;0.698898;-0.668854;-0.233215;0.839112;0.0844727;-0.534668;-0.0537109;-1.56722;-0.194884;2.66479;-2.7379;1.09345;0.448471
0.516;0.0991737;0.698711;-0.66902;-0.233195;0.839094;0.0849609;-0.534668;-0.0532227;-1.56679;-0.194396;2.66443;-2.73859;1.09348;0.449204
0.528;0.0996021;0.698523;-0.669139;-0.233232;0.839094;0.0849609;-0.534668;-0.0532227;-1.56643;-0.19375;2.66373;-2.73859;1.09348;0.449204
0.551;0.0999047;0.698289;-0.669377;-0.233121;0.839106;0.0854492;-0.534668;-0.0522461;-1.56588;-0.193021;2.66341;-2.741;1.09376;0.448924
0.561;0.100904;0.697654;-0.669896;-0.233102;0.839086;0.0859375;-0.534668;-0.0517578;-1.56449;-0.191222;2.66189;-2.74168;1.09378;0.449659
0.572;0.101474;0.697501;-0.670224;-0.23237;0.839166;0.0854492;-0.534668;-0.0512695;-1.56429;-0.189263;2.66216;-2.74445;1.09426;0.446893
0.586;0.102614;0.696806;-0.670971;-0.231797;0.839096;0.0864258;-0.534668;-0.0507813;-1.56279;-0.186411;2.66127;-2.74409;1.09406;0.449381
0.597;0.10412;0.696635;-0.670431;-0.233197;0.83898;0.0883789;-0.534668;-0.0493164;-1.56294;-0.186372;2.65703;-2.74511;1.09392;0.453345
0.627;0.105112;0.696717;-0.669845;-0.234188;0.838913;0.0908203;-0.534668;-0.0458984;-1.5636;-0.186588;2.65419;-2.75196;1.0946;0.455023
0.635;0.105178;0.698005;-0.667521;-0.236943;0.839171;0.0913086;-0.53418;-0.0458984;-1.56728;-0.191527;2.65028;-2.7519;1.09331;0.455801
0.666;0.105375;0.698576;-0.666533;-0.237953;0.838832;0.0922852;-0.534668;-0.0444336;-1.56899;-0.193184;2.64863;-2.75399;1.0947;0.457255
0.672;0.106126;0.7003;-0.663573;-0.240806;0.838825;0.0932617;-0.534668;-0.0424805;-1.57423;-0.197714;2.64375;-2.75878;1.09529;0.456719
0.682;0.107071;0.699752;-0.664161;-0.24036;0.838874;0.0932617;-0.534668;-0.0415039;-1.57307;-0.1954;2.64296;-2.76223;1.09581;0.454688
0.697;0.108085;0.698755;-0.665334;-0.239562;0.839185;0.0932617;-0.53418;-0.0415039;-1.57068;-0.192144;2.64249;-2.76321;1.09474;0.453722
0.723;0.108647;0.697701;-0.666608;-0.238836;0.840822;0.0917969;-0.531738;-0.0429688;-1.56793;-0.189556;2.64253;-2.76599;1.0893;0.446724
0.73;0.107884;0.696989;-0.667334;-0.239234;0.842082;0.0913086;-0.529785;-0.043457;-1.56557;-0.19065;2.64282;-2.76907;1.08501;0.442255
0.744;0.10739;0.696897;-0.667336;-0.239718;0.843056;0.0898438;-0.52832;-0.0454102;-1.56509;-0.191963;2.64275;-2.7681;1.08146;0.438266
0.755;0.104663;0.698216;-0.66572;-0.241571;0.844604;0.0888672;-0.525879;-0.046875;-1.56766;-0.199302;2.64408;-2.7696;1.07584;0.433256
0.77;0.102893;0.699196;-0.664351;-0.243262;0.845613;0.0874023;-0.524414;-0.0478516;-1.5697;-0.204893;2.64426;-2.7719;1.07279;0.427416
0.778;0.0989406;0.700271;-0.663564;-0.243956;0.846642;0.0859375;-0.522949;-0.0483398;-1.57114;-0.211947;2.649;-2.77581;1.06998;0.42067
0.792;0.0965682;0.700565;-0.663688;-0.243726;0.848137;0.0830078;-0.520996;-0.0483398;-1.57103;-0.214961;2.65272;-2.78511;1.06694;0.407116
0.802;0.0931084;0.701293;-0.663194;-0.244321;0.849325;0.0805664;-0.519531;-0.0473633;-1.57178;-0.220977;2.65684;-2.7958;1.06517;0.39429
0.814;0.0907806;0.701498;-0.663157;-0.244711;0.849965;0.0786133;-0.519043;-0.0444336;-1.57149;-0.224813;2.65955;-2.81057;1.06616;0.380951
0.824;0.0881791;0.700144;-0.665477;-0.243236;0.850613;0.0766602;-0.518555;-0.0410156;-1.56665;-0.225135;2.66496;-2.82705;1.06728;0.366603
0.838;0.0857181;0.698897;-0.667892;-0.241074;0.851348;0.0742188;-0.518066;-0.0361328;-1.56219;-0.224348;2.67124;-2.84965;1.06905;0.347549
0.848;0.0814953;0.697259;-0.671689;-0.23669;0.851553;0.0708008;-0.518555;-0.0307617;-1.55606;-0.222419;2.6832;-2.87478;1.07334;0.325248
0.861;0.077896;0.695794;-0.675298;-0.231895;0.852088;0.0668945;-0.518555;-0.0239258;-1.55071;-0.219248;2.69496;-2.90708;1.07693;0.297192
0.873;0.07389;0.693499;-0.68036;-0.225188;0.852898;0.0620117;-0.518066;-0.0180664;-1.54296;-0.213408;2.70992;-2.93889;1.07898;0.266793
0.885;0.0691344;0.691722;-0.684504;-0.219536;0.853612;0.0537109;-0.518066;-0.00830078;-1.53655;-0.210623;2.72446;-2.99194;1.08342;0.21584
0.897;0.0643499;0.690162;-0.688429;-0.213543;0.853294;0.0498047;-0.519043;-0.00195313;-1.53086;-0.207647;2.73961;-3.02282;1.08778;0.188482
0.907;0.0607846;0.688481;-0.692421;-0.207006;0.852239;0.0473633;-0.520996;0.00292969;-1.52526;-0.202238;2.75388;-3.04485;1.09364;0.169953
0.921;0.0595833;0.68717;-0.695214;-0.2023;0.851122;0.0454102;-0.522949;0.00732422;-1.52133;-0.196443;2.76227;-3.06441;1.09922;0.153897
0.931;0.0596291;0.686331;-0.697458;-0.19735;0.850015;0.0429688;-0.524902;0.0102539;-1.51906;-0.188838;2.76946;-3.07999;1.10448;0.138979
0.943;0.059118;0.685899;-0.699026;-0.193417;0.848575;0.0405273;-0.527344;0.0136719;-1.51778;-0.183711;2.77598;-3.09756;1.11088;0.122779
0.955;0.0588478;0.685752;-0.70046;-0.188776;0.847104;0.0380859;-0.529785;0.0170898;-1.51737;-0.177396;2.7833;-3.11557;1.11718;0.106122
0.965;0.0586719;0.685583;-0.701983;-0.18372;0.845942;0.0351563;-0.531738;0.0200195;-1.51692;-0.17036;2.7911;-3.13348;1.12218;0.0881662
0.979;0.057581;0.685406;-0.703428;-0.17914;0.845093;0.0317383;-0.533203;0.0224609;-1.51622;-0.165311;2.79942;3.13203;1.12586;0.06904
0.991;0.0554598;0.685479;-0.70506;-0.173011;0.843925;0.0283203;-0.535156;0.0244141;-1.51599;-0.159663;2.81151;3.11602;1.13055;0.0508703
1.001;0.0530136;0.685791;-0.706373;-0.167087;0.842175;0.0219727;-0.538086;0.0268555;-1.51636;-0.154897;2.82376;3.09018;1.13731;0.0193055
1.033;0.0501729;0.686474;-0.707293;-0.16116;0.840063;0.0078125;-0.541504;0.0317383;-1.5177;-0.150862;2.83662;3.03301;1.14399;-0.0513471
1.041;0.0397633;0.690731;-0.708159;-0.140788;0.839372;0.00146484;-0.54248;0.0341797;-1.52775;-0.138619;2.88189;3.00606;1.14518;-0.0839594
1.059;0.0360588;0.692498;-0.707541;-0.136136;0.839261;-0.00390625;-0.54248;0.0366211;-1.53213;-0.137959;2.89416;2.9822;1.14396;-0.112045
1.066;0.0272544;0.695322;-0.706979;-0.126353;0.839434;-0.00830078;-0.541992;0.0390625;-1.53892;-0.137609;2.92119;2.96142;1.14156;-0.135645
1.076;0.0232343;0.695892;-0.70721;-0.122671;0.840496;-0.0126953;-0.540039;0.0419922;-1.54011;-0.138309;2.93224;2.94033;1.13548;-0.158825
1.106;0.0167332;0.696604;-0.707489;-0.117997;0.84185;-0.0273438;-0.536621;0.0507813;-1.54157;-0.141185;2.9482;2.87402;1.12145;-0.233575
1.112;-0.00341222;0.698841;-0.707656;-0.104079;0.841387;-0.0341797;-0.536621;0.0541992;-1.54731;-0.150871;2.99692;2.84482;1.11818;-0.267721
1.124;-0.00788555;0.69937;-0.707773;-0.0993868;0.840475;-0.0410156;-0.537109;0.0585938;-1.54891;-0.150749;3.01007;2.81158;1.11531;-0.304497
1.163;-0.0144195;0.700877;-0.70732;-0.0908992;0.84035;-0.0698242;-0.532715;0.0717773;-1.55348;-0.14836;3.03179;2.70879;1.08716;-0.429957
1.187;-0.0409144;0.705597;-0.704726;-0.0618073;0.839409;-0.0869141;-0.530273;0.081543;-1.56987;-0.145401;3.1119;2.64657;1.06762;-0.502863
1.198;-0.0610268;0.708824;-0.701465;-0.0423296;0.839054;-0.0942383;-0.528809;0.0864258;-1.58324;-0.146145;-3.11417;2.61998;1.05746;-0.533036
1.205;-0.0687993;0.709246;-0.700755;-0.0343376;0.838058;-0.103516;-0.527832;0.0913086;-1.58649;-0.145645;-3.09158;2.58977;1.04675;-0.569698
1.217;-0.0736666;0.709704;-0.700026;-0.0292619;0.836962;-0.116211;-0.525879;0.097168;-1.5892;-0.145181;-3.07728;2.55435;1.03077;-0.615189
1.229;-0.0832616;0.710577;-0.698403;-0.0195253;0.834672;-0.137207;-0.522949;0.10498;-1.59475;-0.144552;-3.04945;2.50481;1.00502;-0.684248
1.239;-0.0946804;0.711348;-0.696391;-0.00768785;0.832445;-0.150391;-0.521973;0.109375;-1.60107;-0.143297;-3.01598;2.47516;0.990189;-0.726986
1.252;-0.10401;0.711664;-0.694772;0.00275284;0.829364;-0.163574;-0.521973;0.11377;-1.60572;-0.141076;-2.9876;2.44437;0.976587;-0.770897
1.266;-0.113731;0.712348;-0.692356;0.0163807;0.825996;-0.177734;-0.521484;0.119141;-1.61193;-0.134553;-2.9541;2.41235;0.959904;-0.816154
1.276;-0.125324;0.711979;-0.690127;0.0332467;0.822449;-0.193359;-0.520508;0.123535;-1.61641;-0.125969;-2.91348;2.38398;0.941445;-0.861502
1.289;-0.134037;0.711727;-0.68805;0.0454442;0.817431;-0.209473;-0.520996;0.128418;-1.62021;-0.120049;-2.88357;2.35142;0.923897;-0.911146
1.297;-0.144702;0.710664;-0.685702;0.0618983;0.812087;-0.225098;-0.521484;0.133789;-1.6231;-0.110693;-2.84491;2.31981;0.905525;-0.95851
1.309;-0.150394;0.710154;-0.684033;0.0718395;0.806792;-0.242676;-0.52002;0.140625;-1.62499;-0.103902;-2.82263;2.28989;0.880164;-1.00524
1.322;-0.16032;0.708582;-0.681666;0.0868326;0.800923;-0.26123;-0.518066;0.147949;-1.62666;-0.095659;-2.78704;2.26132;0.851948;-1.05162
1.332;-0.17401;0.706991;-0.677866;0.101891;0.795772;-0.277344;-0.515625;0.154785;-1.63132;-0.0919688;-2.7455;2.23916;0.825346;-1.08881
1.343;-0.184344;0.705441;-0.674961;0.113124;0.792521;-0.287109;-0.513184;0.161621;-1.63435;-0.0893634;-2.71425;2.22341;0.804685;-1.10981
1.354;-0.193614;0.703562;-0.672635;0.122787;0.790547;-0.293457;-0.51123;0.166016;-1.63607;-0.0878;-2.68676;2.2146;0.790728;-1.12217
1.368;-0.199684;0.702638;-0.670608;0.129275;0.788663;-0.30127;-0.507813;0.171387;-1.63824;-0.0862583;-2.66844;2.20678;0.772209;-1.13451
1.38;-0.208044;0.701752;-0.667475;0.136892;0.785945;-0.312988;-0.503418;0.175781;-1.6426;-0.0857056;-2.64494;2.20093;0.749514;-1.1527
1.388;-0.217448;0.7005;-0.663934;0.145629;0.780303;-0.331055;-0.498535;0.181641;-1.64711;-0.0848176;-2.61821;2.18963;0.717828;-1.18458
1.402;-0.225969;0.699492;-0.660191;0.154263;0.771492;-0.352539;-0.493652;0.191895;-1.65186;-0.0826474;-2.59288;2.16897;0.676921;-1.22522
1.413;-0.244433;0.694581;-0.653716;0.174543;0.76111;-0.377441;-0.486816;0.203125;-1.65553;-0.0771885;-2.53575;2.15096;0.62822;-1.26821
1.428;-0.262224;0.689721;-0.646961;0.192264;0.745784;-0.410645;-0.476563;0.219238;-1.66011;-0.0741484;-2.48278;2.13004;0.559507;-1.32221
1.456;-0.286116;0.683079;-0.636406;0.215703;0.735486;-0.429688;-0.46875;0.233887;-1.6681;-0.0695438;-2.41136;2.11418;0.510394;-1.34978
1.461;-0.322173;0.668686;-0.618778;0.25725;0.734061;-0.433105;-0.464355;0.240723;-1.673;-0.0546943;-2.293;2.1107;0.492935;-1.34924
1.474;-0.325287;0.667619;-0.617653;0.258802;0.729974;-0.441895;-0.457031;0.250977;-1.6742;-0.0562956;-2.28559;2.10553;0.461655;-1.35501
1.503;-0.337332;0.663453;-0.613673;0.26352;0.714948;-0.473633;-0.436523;0.271973;-1.67916;-0.0644015;-2.25861;2.10156;0.3753;-1.38679
1.509;-0.372892;0.652912;-0.595185;0.283572;0.7049;-0.492676;-0.424805;0.282715;-1.70221;-0.0736514;-2.16833;2.1012;0.326063;-1.40791
1.544;-0.381778;0.649461;-0.589579;0.291278;0.668347;-0.54248;-0.399414;0.31543;-1.70667;-0.07189;-2.14147;2.08409;0.192859;-1.47654
1.557;-0.435053;0.623701;-0.557934;0.332319;0.648436;-0.563965;-0.387207;0.333984;-1.72839;-0.0709864;-1.98406;2.07242;0.125779;-1.50621
1.6;-0.4536;0.612317;-0.549018;0.343356;0.59375;-0.625652;-0.341309;0.373535;-1.73337;-0.0776621;-1.9324;2.08163;-0.0621414;-1.58669
1.606;-0.516979;0.569195;-0.513971;0.380242;0.584473;-0.635912;-0.333984;0.377441;-1.75523;-0.0987217;-1.7489;2.08745;-0.0897497;-1.60279
1.616;-0.52538;0.562099;-0.50562;0.390344;0.56543;-0.656184;-0.321777;0.382324;-1.75662;-0.0925935;-1.71513;2.10064;-0.138306;-1.63974
1.631;-0.537788;0.548085;-0.493713;0.408208;0.541504;-0.677917;-0.310059;0.388672;-1.75164;-0.0836574;-1.65952;2.11192;-0.192362;-1.68455
1.642;-0.552153;0.526751;-0.480189;0.432526;0.529297;-0.684306;-0.302734;0.399902;-1.7367;-0.0746772;-1.58694;2.10617;-0.22883;-1.69416
1.663;-0.562924;0.515052;-0.471164;0.442541;0.519531;-0.689277;-0.295898;0.40918;-1.73633;-0.0746641;-1.54527;2.10251;-0.259524;-1.70082
1.678;-0.584283;0.498603;-0.455624;0.449906;0.494141;-0.703775;-0.282227;0.425293;-1.75241;-0.0838765;-1.48277;2.10073;-0.325414;-1.72967
1.698;-0.596872;0.487877;-0.447245;0.453532;0.459473;-0.725502;-0.256836;0.443359;-1.7613;-0.0914884;-1.44606;2.11768;-0.419493;-1.77436
1.733;-0.617069;0.462338;-0.4287;0.470835;0.430664;-0.731617;-0.239258;0.471191;-1.76185;-0.0938436;-1.36349;2.09937;-0.504515;-1.78375
1.745;-0.659903;0.431542;-0.382917;0.481325;0.421387;-0.734316;-0.233887;0.478027;-1.81769;-0.0900749;-1.2285;2.09707;-0.529303;-1.79018
1.757;-0.666192;0.42586;-0.377377;0.482097;0.411133;-0.737463;-0.227051;0.485352;-1.82493;-0.0923302;-1.20899;2.09644;-0.557613;-1.79761
1.77;-0.673145;0.419571;-0.369923;0.483728;0.396973;-0.742421;-0.220215;0.492676;-1.83323;-0.0922394;-1.1855;2.09745;-0.590417;-1.81316
1.78;-0.682372;0.40936;-0.36058;0.486595;0.371582;-0.751943;-0.213379;0.500977;-1.84169;-0.0938531;-1.15206;2.10168;-0.637062;-1.85047
1.794;-0.690829;0.398029;-0.35307;0.48956;0.360352;-0.75515;-0.210938;0.505371;-1.84695;-0.098263;-1.11972;2.10095;-0.657624;-1.86499
1.806;-0.70232;0.381252;-0.344276;0.492815;0.351563;-0.757324;-0.210938;0.508301;-1.85338;-0.10802;-1.07582;2.09823;-0.670759;-1.87691
1.817;-0.709339;0.371406;-0.33913;0.493849;0.34375;-0.759282;-0.208496;0.511719;-1.85883;-0.11453;-1.05025;2.09824;-0.686375;-1.88621
1.846;-0.713812;0.363531;-0.337366;0.494471;0.324707;-0.764672;-0.197266;0.520508;-1.86033;-0.122426;-1.03341;2.10717;-0.731422;-1.90949
1.869;-0.725019;0.343779;-0.331068;0.496546;0.295898;-0.774565;-0.184082;0.527832;-1.86552;-0.139106;-0.988755;2.13126;-0.787712;-1.95997
1.876;-0.736124;0.324717;-0.319156;0.50082;0.275879;-0.781624;-0.175293;0.53125;-1.87315;-0.145137;-0.937733;2.15389;-0.823834;-2.00096
1.889;-0.739599;0.316724;-0.315169;0.503337;0.268066;-0.783562;-0.174316;0.532715;-1.87328;-0.147898;-0.918089;2.15773;-0.835116;-2.01552
1.899;-0.745097;0.30467;-0.309212;0.506354;0.259277;-0.784855;-0.174316;0.535156;-1.87494;-0.152839;-0.888627;2.15757;-0.847529;-2.02902
1.913;-0.748514;0.297876;-0.306796;0.506827;0.248535;-0.786969;-0.171387;0.538086;-1.87734;-0.157995;-0.873312;2.16398;-0.865968;-2.04767
1.926;-0.753258;0.28974;-0.302421;0.507144;0.236816;-0.789618;-0.166504;0.541016;-1.88255;-0.162436;-0.852843;2.17597;-0.887555;-2.07039
1.939;-0.757652;0.281093;-0.296971;0.508683;0.224121;-0.792854;-0.160645;0.543457;-1.88631;-0.164771;-0.830199;2.19336;-0.910412;-2.09842
1.95;-0.761926;0.270567;-0.290985;0.511458;0.203125;-0.798879;-0.151855;0.54541;-1.88792;-0.167432;-0.80384;2.229;-0.943712;-2.15276
1.97;-0.765647;0.259812;-0.285671;0.514465;0.198242;-0.800988;-0.148926;0.544922;-1.88808;-0.170949;-0.778225;2.24293;-0.950842;-2.16968
2.009;-0.771569;0.240985;-0.277751;0.519097;0.202148;-0.800728;-0.14502;0.544922;-1.88787;-0.179379;-0.735556;2.24825;-0.95107;-2.16339
2.02;-0.77409;0.221683;-0.274633;0.525565;0.199707;-0.801715;-0.13916;0.545898;-1.87795;-0.193365;-0.699559;2.26234;-0.960934;-2.17254
2.033;-0.773504;0.220993;-0.272869;0.527632;0.193848;-0.803318;-0.134277;0.546875;-1.87516;-0.190066;-0.696292;2.27827;-0.972987;-2.19009
2.045;-0.773096;0.21857;-0.269159;0.531134;0.189453;-0.804941;-0.132813;0.546387;-1.87125;-0.185045;-0.687628;2.28883;-0.977845;-2.20505
2.059;-0.773559;0.213654;-0.265152;0.534465;0.189941;-0.805979;-0.131836;0.544922;-1.86813;-0.182857;-0.674347;2.29537;-0.976083;-2.2094
2.069;-0.773781;0.2099;-0.262734;0.53682;0.191406;-0.806051;-0.133301;0.543945;-1.86544;-0.182248;-0.665097;2.29293;-0.971736;-2.2069
2.082;-0.773294;0.208382;-0.261688;0.538621;0.191406;-0.806959;-0.135742;0.541992;-1.86243;-0.181236;-0.661426;2.2928;-0.966262;-2.21032
2.092;-0.772437;0.207977;-0.262455;0.539633;0.187988;-0.808415;-0.133789;0.541504;-1.85931;-0.182;-0.662018;2.30339;-0.970589;-2.22313
2.104;-0.771752;0.207062;-0.263212;0.540595;0.182617;-0.810697;-0.131348;0.540527;-1.85634;-0.183423;-0.661741;2.31929;-0.976307;-2.24344
2.114;-0.771384;0.204077;-0.263898;0.54192;0.175781;-0.813076;-0.12793;0.540039;-1.85273;-0.187035;-0.657995;2.33841;-0.984888;-2.26771
2.127;-0.771289;0.199924;-0.263947;0.543577;0.169434;-0.815821;-0.123047;0.539063;-1.84908;-0.190968;-0.651491;2.36281;-0.993353;-2.29436
2.136;-0.772043;0.192872;-0.26232;0.545836;0.167969;-0.816738;-0.121094;0.538574;-1.84594;-0.19574;-0.637953;2.37156;-0.995567;-2.30241
2.15;-0.772463;0.188135;-0.260995;0.547529;0.16748;-0.817625;-0.120117;0.537598;-1.84365;-0.1985;-0.62859;2.37779;-0.995209;-2.30792
2.163;-0.772819;0.183409;-0.25981;0.549191;0.166992;-0.818509;-0.119141;0.536621;-1.84126;-0.20148;-0.619465;2.38402;-0.994831;-2.31342
2.174;-0.772959;0.178615;-0.259616;0.550663;0.162598;-0.820452;-0.116211;0.535645;-1.83831;-0.206087;-0.611623;2.40103;-0.999407;-2.33264
2.186;-0.772836;0.175827;-0.259445;0.551813;0.158691;-0.822011;-0.112793;0.535156;-1.83595;-0.208477;-0.607056;2.41752;-1.00472;-2.34991
2.197;-0.772265;0.17372;-0.259465;0.553269;0.155273;-0.824522;-0.105957;0.533691;-1.83261;-0.210065;-0.60396;2.44605;-1.01065;-2.37347
2.208;-0.77156;0.171184;-0.259619;0.554968;0.153809;-0.826428;-0.103027;0.531738;-1.82858;-0.212209;-0.600424;2.4621;-1.01068;-2.38735
2.219;-0.770908;0.167977;-0.258905;0.557184;0.151367;-0.828252;-0.102051;0.529785;-1.82423;-0.213616;-0.594673;2.47394;-1.00975;-2.40134
2.231;-0.77036;0.164446;-0.257903;0.559453;0.150391;-0.830046;-0.101563;0.527344;-1.82004;-0.21501;-0.588012;2.48339;-1.00636;-2.41148
2.264;-0.769464;0.161163;-0.257384;0.561876;0.148438;-0.835426;-0.100586;0.519531;-1.81497;-0.216679;-0.582505;2.50932;-0.99397;-2.43872
2.277;-0.767232;0.154402;-0.257471;0.566766;0.148438;-0.837299;-0.100098;0.516602;-1.80351;-0.221877;-0.572891;2.51798;-0.988831;-2.4466
2.287;-0.765671;0.150977;-0.258892;0.569147;0.148438;-0.839041;-0.100586;0.513672;-1.79652;-0.226528;-0.570058;2.52369;-0.982923;-2.45297
2.3;-0.76444;0.147555;-0.260293;0.571057;0.149414;-0.840002;-0.101074;0.511719;-1.79066;-0.231494;-0.567123;2.52555;-0.978187;-2.45406
2.312;-0.763227;0.143909;-0.260892;0.573333;0.150391;-0.841193;-0.102051;0.509277;-1.78473;-0.235392;-0.56278;2.52715;-0.972161;-2.45559
2.334;-0.762207;0.141207;-0.261486;0.575088;0.150391;-0.843311;-0.101563;0.505859;-1.77999;-0.238453;-0.559827;2.53642;-0.966047;-2.46407
2.347;-0.760987;0.13645;-0.263518;0.576922;0.148438;-0.845697;-0.0991211;0.50293;-1.7737;-0.246102;-0.555807;2.55265;-0.963556;-2.47955
2.351;-0.760339;0.133365;-0.264363;0.578109;0.146973;-0.847969;-0.0966797;0.5;-1.77009;-0.250421;-0.552525;2.56802;-0.960626;-2.49343
2.361;-0.759995;0.132332;-0.263885;0.579017;0.146973;-0.850371;-0.0957031;0.496094;-1.76841;-0.250468;-0.550427;2.57907;-0.953759;-2.50295
2.373;-0.759305;0.131482;-0.263389;0.58034;0.146484;-0.852267;-0.0947266;0.493164;-1.76571;-0.249971;-0.548715;2.58856;-0.949051;-2.51166
2.384;-0.758161;0.131746;-0.26327;0.581828;0.144531;-0.853553;-0.09375;0.491699;-1.76213;-0.248442;-0.549378;2.59699;-0.948055;-2.52153
2.395;-0.756855;0.131861;-0.263694;0.583308;0.141602;-0.854765;-0.0922852;0.490723;-1.75801;-0.247854;-0.550623;2.60716;-0.948891;-2.53389
2.409;-0.755629;0.13184;-0.264074;0.584728;0.138672;-0.855858;-0.0917969;0.489746;-1.75409;-0.24742;-0.551571;2.61458;-0.949023;-2.54494
2.42;-0.754381;0.131189;-0.264189;0.586432;0.135254;-0.856736;-0.0913086;0.489258;-1.74977;-0.247243;-0.551207;2.62174;-0.950369;-2.55647
2.432;-0.753483;0.130668;-0.264444;0.587587;0.133301;-0.857804;-0.0893555;0.488281;-1.74665;-0.247469;-0.551108;2.63193;-0.950793;-2.56666
2.446;-0.752667;0.130529;-0.265096;0.588369;0.133301;-0.859064;-0.0878906;0.486328;-1.74403;-0.247994;-0.552109;2.63976;-0.947814;-2.57228
2.458;-0.751875;0.130496;-0.265589;0.589167;0.133789;-0.86161;-0.0864258;0.481934;-1.74152;-0.24815;-0.553039;2.65124;-0.939652;-2.58077
2.47;-0.751112;0.130209;-0.265802;0.590106;0.134277;-0.862992;-0.0854492;0.479492;-1.73896;-0.248159;-0.553187;2.65766;-0.935082;-2.58494
2.482;-0.750364;0.129636;-0.265877;0.59115;0.134766;-0.864316;-0.0849609;0.477051;-1.73631;-0.248284;-0.552707;2.66262;-0.930211;-2.58839
2.492;-0.749574;0.129252;-0.265819;0.592261;0.134766;-0.865439;-0.0844727;0.475098;-1.73361;-0.247933;-0.552339;2.66734;-0.926577;-2.59234
2.506;-0.748857;0.128782;-0.265618;0.593359;0.134766;-0.866556;-0.0839844;0.473145;-1.73109;-0.247511;-0.551615;2.67202;-0.922936;-2.59624
2.517;-0.748146;0.128058;-0.265208;0.594595;0.132324;-0.867339;-0.0825195;0.472656;-1.72846;-0.247049;-0.550215;2.68025;-0.924081;-2.60595
2.53;-0.747467;0.12768;-0.265205;0.595532;0.132324;-0.86787;-0.0825195;0.47168;-1.72613;-0.246889;-0.549891;2.68186;-0.922105;-2.60754
2.542;-0.746791;0.127552;-0.265668;0.596199;0.131348;-0.869123;-0.0820313;0.469727;-1.72397;-0.247214;-0.5506;2.68774;-0.918928;-2.6141
2.554;-0.747275;0.127884;-0.264953;0.595841;0.130859;-0.870033;-0.081543;0.468262;-1.72561;-0.246064;-0.549909;2.69211;-0.916482;-2.61844
2.588;-0.74682;0.127553;-0.264607;0.596635;0.130859;-0.872045;-0.0795898;0.464844;-1.72399;-0.24548;-0.549091;2.70291;-0.910645;-2.62625
2.602;-0.746743;0.125226;-0.263201;0.597845;0.131836;-0.87268;-0.0766602;0.463867;-1.72254;-0.245824;-0.543671;2.71123;-0.909834;-2.62872
2.612;-0.745753;0.124547;-0.263232;0.599207;0.131836;-0.873584;-0.0751953;0.462402;-1.7191;-0.245821;-0.543061;2.71752;-0.907663;-2.63278
2.64;-0.744959;0.123852;-0.26368;0.600141;0.132324;-0.875138;-0.0742188;0.459473;-1.71631;-0.246699;-0.542948;2.72394;-0.901991;-2.63692
2.646;-0.743934;0.122445;-0.264244;0.601452;0.132324;-0.875691;-0.0737305;0.458496;-1.71247;-0.248417;-0.542033;2.72672;-0.900261;-2.63894
2.691;-0.743305;0.122214;-0.264445;0.602188;0.130859;-0.878107;-0.0717773;0.45459;-1.7104;-0.248484;-0.542203;2.73963;-0.893982;-2.65102
2.704;-0.743392;0.119243;-0.264675;0.602575;0.130859;-0.87836;-0.0717773;0.454102;-1.70932;-0.252483;-0.538107;2.74032;-0.892981;-2.65169
2.715;-0.742647;0.118499;-0.265152;0.603431;0.130859;-0.879075;-0.0722656;0.452637;-1.70668;-0.253524;-0.53796;2.74103;-0.889712;-2.65309
2.727;-0.742026;0.117544;-0.265605;0.604181;0.130859;-0.879367;-0.0717773;0.452148;-1.70433;-0.254887;-0.537427;2.74305;-0.888969;-2.65436
2.738;-0.741417;0.116566;-0.265989;0.604948;0.130371;-0.879941;-0.0717773;0.451172;-1.70202;-0.256176;-0.536761;2.74503;-0.887181;-2.65705
2.751;-0.74085;0.116022;-0.266279;0.60562;0.130371;-0.87998;-0.0712891;0.451172;-1.70002;-0.256829;-0.536585;2.74636;-0.887438;-2.65765
2.762;-0.740182;0.115679;-0.26658;0.60637;0.129395;-0.880374;-0.0712891;0.450684;-1.69781;-0.257171;-0.536762;2.74828;-0.886861;-2.66103
2.791;-0.7395;0.115527;-0.266834;0.607119;0.129395;-0.880374;-0.0712891;0.450684;-1.69563;-0.257196;-0.537156;2.74828;-0.886861;-2.66103
2.798;-0.738767;0.115291;-0.267286;0.607856;0.128906;-0.880696;-0.0712891;0.450195;-1.69327;-0.257603;-0.537733;2.74958;-0.886068;-2.66305
2.811;-0.738149;0.11506;-0.267743;0.60845;0.128906;-0.880696;-0.0712891;0.450195;-1.69127;-0.258108;-0.538281;2.74958;-0.886068;-2.66305
2.821;-0.737607;0.114633;-0.267955;0.609094;0.128418;-0.880767;-0.0712891;0.450195;-1.68942;-0.258516;-0.538162;2.7502;-0.886279;-2.66441
2.834;-0.737066;0.114127;-0.268029;0.60981;0.128418;-0.880767;-0.0712891;0.450195;-1.68752;-0.258797;-0.537732;2.7502;-0.886279;-2.66441
2.847;-0.736646;0.113686;-0.267552;0.61061;0.128906;-0.880486;-0.0708008;0.450684;-1.68601;-0.258206;-0.536555;2.75025;-0.88733;-2.663
2.859;-0.735993;0.113779;-0.267261;0.611507;0.128418;-0.880596;-0.0703125;0.450684;-1.68401;-0.257073;-0.536513;2.75221;-0.887795;-2.66497
2.869;-0.735162;0.114032;-0.267691;0.61227;0.12793;-0.880667;-0.0703125;0.450684;-1.68158;-0.256768;-0.53781;2.75284;-0.888006;-2.66634
2.883;-0.734392;0.114222;-0.26831;0.612888;0.12793;-0.880667;-0.0703125;0.450684;-1.67932;-0.256894;-0.539266;2.75284;-0.888006;-2.66634
2.893;-0.733655;0.114441;-0.269;0.613427;0.12793;-0.880706;-0.0698242;0.450684;-1.67718;-0.257128;-0.540857;2.75418;-0.888259;-2.66695
2.905;-0.732996;0.114461;-0.269577;0.613958;0.12793;-0.880706;-0.0698242;0.450684;-1.67519;-0.257484;-0.541965;2.75418;-0.888259;-2.66695
2.917;-0.732316;0.114651;-0.270164;0.614475;0.12793;-0.880456;-0.0698242;0.451172;-1.67321;-0.257632;-0.543345;2.75352;-0.889265;-2.6663
2.982;-0.731665;0.115;-0.270702;0.614949;0.127441;-0.880315;-0.0693359;0.45166;-1.67139;-0.257525;-0.544875;2.75483;-0.890734;-2.66764
2.987;-0.731512;0.1158;-0.272136;0.614348;0.127441;-0.880315;-0.0693359;0.45166;-1.67135;-0.258735;-0.548181;2.75483;-0.890734;-2.66764
3.007;-0.730819;0.115895;-0.272603;0.614947;0.126953;-0.880347;-0.0698242;0.45166;-1.66929;-0.258787;-0.549256;2.75412;-0.890691;-2.6684
3.023;-0.730149;0.116627;-0.27369;0.615122;0.126465;-0.880417;-0.0698242;0.45166;-1.66761;-0.259078;-0.552151;2.75476;-0.8909;-2.66977
3.04;-0.729521;0.116943;-0.274457;0.615465;0.126465;-0.880417;-0.0698242;0.45166;-1.66587;-0.259395;-0.553963;2.75476;-0.8909;-2.66977
3.049;-0.728934;0.116711;-0.274519;0.616177;0.12793;-0.879993;-0.0693359;0.452148;-1.66397;-0.259279;-0.553932;2.75353;-0.89153;-2.66562
3.088;-0.728233;0.116618;-0.274823;0.616887;0.12793;-0.879742;-0.0693359;0.452637;-1.66181;-0.259286;-0.554501;2.75286;-0.892539;-2.66496
3.119;-0.727258;0.117366;-0.274518;0.61803;0.126953;-0.879594;-0.0698242;0.453125;-1.65917;-0.25704;-0.555486;2.75213;-0.893713;-2.66645
3.125;-0.726994;0.117122;-0.273522;0.618828;0.126953;-0.879806;-0.0703125;0.452637;-1.65822;-0.255512;-0.553766;2.75145;-0.892452;-2.66649
3.136;-0.726272;0.11724;-0.274311;0.619304;0.126953;-0.879806;-0.0703125;0.452637;-1.65611;-0.256021;-0.555357;2.75145;-0.892452;-2.66649
3.149;-0.725492;0.117795;-0.275354;0.61965;0.126465;-0.879837;-0.0708008;0.452637;-1.65404;-0.256348;-0.557972;2.75075;-0.892409;-2.66725
3.16;-0.724861;0.117888;-0.276033;0.620068;0.126465;-0.879625;-0.0703125;0.453125;-1.65219;-0.256787;-0.559335;2.75143;-0.893669;-2.66721
3.173;-0.724268;0.118149;-0.275948;0.620749;0.126953;-0.879555;-0.0703125;0.453125;-1.65052;-0.25582;-0.559796;2.75079;-0.893459;-2.66584
3.209;-0.723606;0.11826;-0.276131;0.621418;0.12793;-0.879239;-0.0693359;0.453613;-1.64858;-0.25541;-0.560461;2.75152;-0.894551;-2.66366
3.236;-0.722676;0.118343;-0.27636;0.622382;0.127441;-0.879058;-0.0693359;0.454102;-1.64582;-0.25488;-0.561251;2.75149;-0.895772;-2.66438
3.244;-0.722404;0.117442;-0.275043;0.623451;0.12793;-0.879278;-0.0688477;0.453613;-1.64454;-0.253658;-0.558104;2.75287;-0.894807;-2.66427
3.254;-0.721833;0.11699;-0.274743;0.624329;0.12793;-0.879278;-0.0688477;0.453613;-1.6426;-0.253255;-0.557213;2.75287;-0.894807;-2.66427
3.265;-0.721168;0.116674;-0.274631;0.625205;0.12793;-0.879278;-0.0688477;0.453613;-1.64046;-0.252907;-0.55683;2.75287;-0.894807;-2.66427
3.3;-0.720289;0.116614;-0.275193;0.625982;0.12793;-0.879819;-0.0683594;0.452637;-1.63781;-0.253136;-0.557886;2.75555;-0.893048;-2.66619
3.31;-0.718687;0.117134;-0.276858;0.626992;0.12793;-0.879819;-0.0683594;0.452637;-1.6333;-0.253779;-0.561669;2.75555;-0.893048;-2.66619
3.325;-0.717931;0.116901;-0.277214;0.627743;0.12793;-0.88007;-0.0683594;0.452148;-1.63094;-0.253996;-0.562132;2.75621;-0.892039;-2.66684
3.335;-0.716979;0.116798;-0.277958;0.628521;0.12793;-0.880108;-0.0678711;0.452148;-1.62807;-0.254499;-0.563433;2.75755;-0.892292;-2.66745
3.346;-0.715979;0.11684;-0.279056;0.629166;0.127441;-0.880353;-0.0688477;0.45166;-1.62514;-0.255339;-0.565489;2.75617;-0.890987;-2.66825
3.359;-0.714939;0.116719;-0.28031;0.629814;0.128418;-0.880287;-0.0678711;0.45166;-1.62202;-0.256593;-0.567566;2.75757;-0.891077;-2.66672
3.372;-0.713869;0.116393;-0.281416;0.630594;0.12793;-0.880571;-0.0683594;0.451172;-1.61871;-0.257842;-0.569145;2.75753;-0.890025;-2.66813
3.386;-0.712935;0.115873;-0.282444;0.631286;0.128418;-0.880712;-0.0688477;0.450684;-1.61572;-0.259326;-0.570293;2.75622;-0.888558;-2.66679
3.395;-0.711971;0.115386;-0.283389;0.632039;0.128418;-0.88075;-0.0683594;0.450684;-1.61266;-0.260613;-0.571377;2.75755;-0.888811;-2.6674
3.408;-0.711171;0.11483;-0.283852;0.632834;0.128418;-0.88075;-0.0683594;0.450684;-1.61004;-0.261364;-0.57158;2.75755;-0.888811;-2.6674
3.418;-0.71031;0.114216;-0.284119;0.633791;0.128418;-0.880999;-0.0683594;0.450195;-1.60722;-0.261827;-0.571428;2.75821;-0.887801;-2.66804
3.43;-0.709523;0.113781;-0.284437;0.634607;0.128418;-0.880999;-0.0683594;0.450195;-1.6047;-0.262212;-0.571581;2.75821;-0.887801;-2.66804
3.441;-0.708666;0.113225;-0.284612;0.635585;0.128418;-0.880999;-0.0683594;0.450195;-1.60192;-0.262465;-0.571374;2.75821;-0.887801;-2.66804
3.452;-0.707919;0.112654;-0.284712;0.636473;0.128418;-0.88075;-0.0683594;0.450684;-1.59947;-0.262714;-0.570992;2.75755;-0.888811;-2.6674
3.465;-0.70836;0.112874;-0.283887;0.636313;0.128418;-0.88075;-0.0683594;0.450684;-1.60085;-0.261512;-0.569887;2.75755;-0.888811;-2.6674
3.477;-0.707681;0.112687;-0.284141;0.636988;0.128906;-0.880352;-0.0693359;0.451172;-1.59877;-0.261574;-0.570254;2.75359;-0.8891;-2.66417
3.489;-0.7075;0.111083;-0.282883;0.638029;0.129883;-0.879821;-0.0678711;0.452148;-1.5975;-0.261503;-0.566158;2.755;-0.891457;-2.66195
3.5;-0.706933;0.111274;-0.283471;0.638364;0.129883;-0.879067;-0.0678711;0.453613;-1.59593;-0.2617;-0.567522;2.75299;-0.894477;-2.66
3.514;-0.706438;0.111895;-0.283719;0.638692;0.129883;-0.877942;-0.0693359;0.455566;-1.59476;-0.260876;-0.568943;2.74624;-0.897724;-2.6555
3.525;-0.705909;0.113799;-0.282698;0.639393;0.133789;-0.87598;-0.0673828;0.458496;-1.59408;-0.256393;-0.570224;2.74228;-0.903078;-2.64283
3.558;-0.705644;0.116482;-0.280755;0.640058;0.144531;-0.871915;-0.0644531;0.463379;-1.59454;-0.249703;-0.571095;2.72865;-0.909869;-2.60885
3.594;-0.706;0.122114;-0.275875;0.640738;0.145996;-0.873329;-0.0629883;0.460449;-1.59825;-0.235211;-0.57144;2.73518;-0.904077;-2.61087
3.605;-0.705914;0.126921;-0.271283;0.641859;0.145996;-0.874391;-0.0625;0.458496;-1.60037;-0.221891;-0.571266;2.73945;-0.900375;-2.61433
3.618;-0.704672;0.128345;-0.270964;0.643073;0.145996;-0.87621;-0.0620117;0.455078;-1.59751;-0.218546;-0.573149;2.74582;-0.893677;-2.61982
3.63;-0.703265;0.129148;-0.271314;0.644305;0.146484;-0.877678;-0.0615234;0.452148;-1.59386;-0.216886;-0.575212;2.75073;-0.887754;-2.62313
3.642;-0.702051;0.128811;-0.272133;0.64535;0.146484;-0.878966;-0.0610352;0.449707;-1.59019;-0.217558;-0.576332;2.75551;-0.883041;-2.62706
3.653;-0.70099;0.128091;-0.273076;0.646247;0.146484;-0.880492;-0.0605469;0.446777;-1.58677;-0.219037;-0.577063;2.76089;-0.87732;-2.63158
3.667;-0.7;0.127127;-0.273927;0.647149;0.146484;-0.88176;-0.0600586;0.444336;-1.58343;-0.220746;-0.577302;2.76553;-0.872596;-2.63537
3.695;-0.699056;0.125526;-0.27466;0.648171;0.145508;-0.883425;-0.0595703;0.441406;-1.5799;-0.223128;-0.576465;2.77197;-0.867265;-2.64242
3.701;-0.698462;0.122158;-0.27499;0.649314;0.14502;-0.883992;-0.0595703;0.44043;-1.57649;-0.227459;-0.572468;2.77386;-0.865463;-2.645
3.731;-0.697667;0.121643;-0.275014;0.650255;0.141113;-0.884591;-0.0600586;0.44043;-1.57395;-0.227495;-0.572029;2.7774;-0.866783;-2.65521
3.737;-0.696557;0.119463;-0.274778;0.651946;0.138672;-0.884767;-0.0595703;0.440918;-1.56969;-0.229027;-0.568982;2.78113;-0.869022;-2.66194
3.751;-0.695756;0.119096;-0.275056;0.652751;0.138184;-0.883868;-0.0595703;0.442871;-1.56722;-0.229267;-0.569145;2.77923;-0.873242;-2.66087
3.781;-0.694871;0.1184;-0.275093;0.653804;0.137695;-0.882963;-0.0595703;0.444824;-1.56436;-0.229497;-0.568507;2.77731;-0.877465;-2.65977
3.787;-0.693793;0.116729;-0.275566;0.655049;0.137695;-0.882716;-0.0595703;0.445313;-1.56047;-0.231507;-0.567261;2.77667;-0.878473;-2.65915
3.797;-0.692946;0.116398;-0.275932;0.65585;0.137695;-0.882223;-0.0595703;0.446289;-1.5579;-0.231803;-0.567629;2.77539;-0.880485;-2.65791
3.809;-0.692007;0.11588;-0.276617;0.656644;0.137695;-0.881728;-0.0595703;0.447266;-1.55497;-0.232754;-0.568264;2.7741;-0.882499;-2.65666
3.821;-0.691072;0.115271;-0.277437;0.65739;0.137207;-0.881093;-0.059082;0.44873;-1.55202;-0.234033;-0.568984;2.77411;-0.885976;-2.65674
3.832;-0.690161;0.114584;-0.278276;0.658111;0.137207;-0.880844;-0.059082;0.449219;-1.5491;-0.235462;-0.569627;2.77345;-0.886985;-2.65611
3.843;-0.689335;0.113972;-0.27903;0.658764;0.137207;-0.880345;-0.059082;0.450195;-1.54646;-0.236734;-0.570219;2.77214;-0.888998;-2.65484
3.855;-0.688626;0.11319;-0.279563;0.659414;0.137207;-0.879311;-0.0595703;0.452148;-1.54408;-0.237991;-0.570201;2.76815;-0.892767;-2.65167
3.867;-0.688084;0.112565;-0.279759;0.660004;0.137207;-0.878556;-0.0595703;0.453613;-1.54224;-0.238669;-0.569825;2.76614;-0.895788;-2.64971
3.879;-0.687549;0.112269;-0.279806;0.660592;0.137207;-0.877798;-0.0595703;0.455078;-1.54059;-0.238693;-0.569662;2.7641;-0.898809;-2.64774
3.891;-0.687099;0.11196;-0.279957;0.661047;0.136719;-0.876859;-0.0595703;0.457031;-1.53917;-0.238963;-0.569617;2.76202;-0.903043;-2.64647
3.925;-0.68655;0.1118;-0.279673;0.661764;0.136719;-0.875326;-0.0595703;0.459961;-1.53755;-0.238298;-0.569128;2.75784;-0.909087;-2.64242
3.979;-0.686591;0.111621;-0.277359;0.662726;0.13623;-0.874115;-0.0595703;0.462402;-1.53761;-0.235075;-0.565257;2.75497;-0.914331;-2.64038
3.998;-0.687606;0.108438;-0.276294;0.662647;0.13623;-0.873856;-0.0595703;0.462891;-1.53901;-0.238505;-0.558964;2.75425;-0.91534;-2.63968
4.019;-0.686879;0.107983;-0.27668;0.663314;0.135742;-0.873673;-0.0595703;0.463379;-1.53675;-0.239109;-0.559174;2.75421;-0.916557;-2.6404
4.028;-0.686113;0.107765;-0.276936;0.664035;0.135742;-0.873448;-0.059082;0.463867;-1.53448;-0.239173;-0.559518;2.75486;-0.917834;-2.64034
4.04;-0.685356;0.107583;-0.277202;0.664734;0.135742;-0.873188;-0.059082;0.464355;-1.53226;-0.239211;-0.559922;2.75414;-0.91884;-2.63964
4.07;-0.684546;0.107345;-0.277424;0.665515;0.135254;-0.872744;-0.059082;0.465332;-1.52987;-0.239214;-0.560199;2.75338;-0.92107;-2.63965
4.079;-0.683363;0.107838;-0.277525;0.666608;0.135254;-0.872483;-0.059082;0.46582;-1.52677;-0.237763;-0.561389;2.75265;-0.922077;-2.63894
4.088;-0.682502;0.108098;-0.277708;0.667371;0.135254;-0.872516;-0.0585938;0.46582;-1.52447;-0.237003;-0.56229;2.75402;-0.922346;-2.63959
4.098;-0.681657;0.108186;-0.277656;0.668242;0.133789;-0.872448;-0.059082;0.466309;-1.52215;-0.236131;-0.562585;2.75398;-0.923723;-2.64249
4.109;-0.680764;0.107894;-0.277764;0.669153;0.133789;-0.872448;-0.059082;0.466309;-1.51952;-0.235972;-0.562635;2.75398;-0.923723;-2.64249
4.122;-0.679807;0.107763;-0.2778;0.670132;0.133301;-0.872262;-0.059082;0.466797;-1.51678;-0.235439;-0.562806;2.75394;-0.924944;-2.6432
4.135;-0.67879;0.107825;-0.277524;0.671267;0.133301;-0.872;-0.059082;0.467285;-1.51398;-0.234135;-0.562761;2.75322;-0.925953;-2.64249
4.146;-0.677796;0.107988;-0.277205;0.672376;0.133301;-0.872;-0.059082;0.467285;-1.5113;-0.232653;-0.562772;2.75322;-0.925953;-2.64249
4.159;-0.676867;0.107816;-0.277144;0.673364;0.132813;-0.871846;-0.0585938;0.467773;-1.50864;-0.232057;-0.562723;2.75456;-0.927442;-2.64386
4.17;-0.675818;0.107676;-0.277279;0.674384;0.132813;-0.871846;-0.0585938;0.467773;-1.50566;-0.231616;-0.563059;2.75456;-0.927442;-2.64386
4.18;-0.674839;0.107493;-0.277456;0.675319;0.132324;-0.87192;-0.0585938;0.467773;-1.50286;-0.231351;-0.563387;2.75525;-0.927653;-2.64529
4.194;-0.673918;0.107179;-0.277707;0.676185;0.132324;-0.87192;-0.0585938;0.467773;-1.50016;-0.231417;-0.563637;2.75525;-0.927653;-2.64529
4.206;-0.672925;0.106677;-0.277994;0.677134;0.132324;-0.87192;-0.0585938;0.467773;-1.49718;-0.231737;-0.563719;2.75525;-0.927653;-2.64529
4.217;-0.671986;0.106272;-0.278322;0.677996;0.133789;-0.871762;-0.0576172;0.467773;-1.49439;-0.232029;-0.56398;2.75593;-0.927556;-2.64233
4.247;-0.671031;0.105992;-0.278626;0.678859;0.133789;-0.871532;-0.0571289;0.468262;-1.49163;-0.232104;-0.564374;2.75659;-0.928837;-2.64228
4.253;-0.669715;0.10521;-0.27917;0.680056;0.133789;-0.871269;-0.0571289;0.46875;-1.48763;-0.232932;-0.564597;2.75585;-0.929847;-2.64156
4.282;-0.668839;0.105031;-0.279517;0.680804;0.133301;-0.871081;-0.0571289;0.469238;-1.48513;-0.232995;-0.565171;2.75582;-0.931068;-2.64228
4.288;-0.66775;0.104464;-0.279131;0.682117;0.133301;-0.871113;-0.0566406;0.469238;-1.4819;-0.232351;-0.564129;2.7572;-0.931336;-2.64294
4.319;-0.667025;0.104265;-0.279169;0.68284;0.131836;-0.871336;-0.0566406;0.469238;-1.47982;-0.232112;-0.56414;2.7593;-0.931965;-2.64724
4.343;-0.666159;0.103486;-0.27921;0.683787;0.131836;-0.871368;-0.0561523;0.469238;-1.47709;-0.232562;-0.563437;2.76069;-0.932232;-2.6479
4.349;-0.665209;0.102856;-0.279952;0.684504;0.131836;-0.87163;-0.0561523;0.46875;-1.47419;-0.233765;-0.56408;2.76142;-0.931218;-2.64861
4.363;-0.664454;0.10258;-0.280337;0.68512;0.131836;-0.87163;-0.0561523;0.46875;-1.47199;-0.234116;-0.564562;2.76142;-0.931218;-2.64861
4.372;-0.663636;0.10221;-0.280858;0.685754;0.131836;-0.871399;-0.0556641;0.469238;-1.46957;-0.234744;-0.565156;2.76208;-0.932497;-2.64857
4.387;-0.662917;0.101922;-0.281359;0.686287;0.132813;-0.871313;-0.0546875;0.469238;-1.46747;-0.235305;-0.565799;2.76345;-0.932614;-2.64703
4.397;-0.662194;0.101658;-0.281873;0.686813;0.132813;-0.871049;-0.0546875;0.469727;-1.46536;-0.23585;-0.566498;2.76272;-0.933629;-2.64632
4.409;-0.66155;0.101453;-0.282409;0.687244;0.132813;-0.871049;-0.0546875;0.469727;-1.46349;-0.236404;-0.567287;2.76272;-0.933629;-2.64632
4.421;-0.660991;0.10119;-0.282755;0.687678;0.132813;-0.87108;-0.0541992;0.469727;-1.46184;-0.236832;-0.567669;2.76412;-0.933896;-2.64699
4.433;-0.660384;0.100855;-0.282843;0.688274;0.132813;-0.87108;-0.0541992;0.469727;-1.46004;-0.236949;-0.567556;2.76412;-0.933896;-2.64699
4.448;-0.65974;0.100748;-0.283069;0.688814;0.132813;-0.870816;-0.0541992;0.470215;-1.45824;-0.236922;-0.567974;2.76339;-0.934909;-2.64628
4.46;-0.65903;0.100785;-0.283418;0.689344;0.132813;-0.870583;-0.0537109;0.470703;-1.45632;-0.236817;-0.568797;2.76405;-0.93619;-2.64624
4.487;-0.658335;0.100825;-0.283609;0.689924;0.132324;-0.870393;-0.0537109;0.471191;-1.45444;-0.236493;-0.569363;2.76403;-0.937411;-2.64697
4.493;-0.657561;0.101112;-0.283314;0.690741;0.132324;-0.870393;-0.0537109;0.471191;-1.45249;-0.235067;-0.569483;2.76403;-0.937411;-2.64697
4.506;-0.656801;0.101118;-0.283412;0.691423;0.131348;-0.870216;-0.0546875;0.47168;-1.45044;-0.234606;-0.569871;2.76193;-0.938311;-2.64779
4.534;-0.655996;0.101317;-0.283799;0.691999;0.130859;-0.870289;-0.0546875;0.47168;-1.44835;-0.234256;-0.57099;2.76264;-0.938518;-2.64924
4.541;-0.655202;0.101802;-0.284247;0.692495;0.130859;-0.87032;-0.0541992;0.47168;-1.44641;-0.233602;-0.572574;2.76404;-0.938784;-2.64991
4.553;-0.654454;0.101836;-0.284416;0.693128;0.130859;-0.870055;-0.0541992;0.472168;-1.44441;-0.233211;-0.573109;2.7633;-0.939799;-2.6492
4.567;-0.653502;0.101958;-0.284718;0.693885;0.130859;-0.870055;-0.0541992;0.472168;-1.44189;-0.232727;-0.574031;2.7633;-0.939799;-2.6492
4.578;-0.652604;0.102005;-0.285055;0.694584;0.130859;-0.870055;-0.0541992;0.472168;-1.43949;-0.232441;-0.574898;2.7633;-0.939799;-2.6492
4.611;-0.651735;0.101991;-0.285377;0.695269;0.130859;-0.870085;-0.0537109;0.472168;-1.43714;-0.23224;-0.575655;2.7647;-0.940063;-2.64988
4.624;-0.650984;0.101713;-0.285761;0.695855;0.130859;-0.870085;-0.0537109;0.472168;-1.43499;-0.232588;-0.576144;2.7647;-0.940063;-2.64988
4.635;-0.650141;0.101624;-0.28595;0.696579;0.130859;-0.86988;-0.0527344;0.472656;-1.43268;-0.23232;-0.576579;2.76677;-0.94161;-2.65052
4.646;-0.649266;0.101546;-0.28633;0.69725;0.128906;-0.870142;-0.0532227;0.472656;-1.43029;-0.232287;-0.577352;2.76824;-0.942167;-2.65564
4.658;-0.648558;0.101305;-0.286817;0.697744;0.128906;-0.870142;-0.0532227;0.472656;-1.42826;-0.232761;-0.578047;2.76824;-0.942167;-2.65564
4.67;-0.647946;0.100834;-0.287381;0.698148;0.128906;-0.869876;-0.0532227;0.473145;-1.42639;-0.233744;-0.578548;2.76751;-0.943187;-2.65493
4.682;-0.64744;0.10015;-0.287942;0.698485;0.128906;-0.869876;-0.0532227;0.473145;-1.42469;-0.235103;-0.578747;2.76751;-0.943187;-2.65493
4.693;-0.646916;0.0996631;-0.288511;0.698805;0.128906;-0.869611;-0.0532227;0.473633;-1.42304;-0.236184;-0.579217;2.76678;-0.944206;-2.65421
4.708;-0.646455;0.0992067;-0.289053;0.699072;0.128906;-0.869344;-0.0532227;0.474121;-1.42157;-0.237233;-0.579666;2.76605;-0.945222;-2.6535
4.718;-0.646142;0.0987581;-0.289294;0.699326;0.128906;-0.869078;-0.0532227;0.474609;-1.42052;-0.237961;-0.579587;2.76531;-0.946241;-2.65278
4.731;-0.645652;0.0983442;-0.289517;0.699744;0.128906;-0.869078;-0.0532227;0.474609;-1.41901;-0.238476;-0.579573;2.76531;-0.946241;-2.65278
4.744;-0.645303;0.0976975;-0.289596;0.700124;0.129883;-0.868398;-0.0532227;0.475586;-1.41778;-0.239229;-0.578988;2.76237;-0.947863;-2.64842
4.755;-0.644998;0.0971405;-0.289506;0.70052;0.130371;-0.86779;-0.0532227;0.476563;-1.41672;-0.239651;-0.578226;2.76015;-0.949691;-2.6455
4.766;-0.644519;0.0970724;-0.289564;0.700946;0.129883;-0.867595;-0.0532227;0.477051;-1.41541;-0.239456;-0.578376;2.76013;-0.950917;-2.64623
4.779;-0.644012;0.097287;-0.290022;0.701192;0.130371;-0.867192;-0.0541992;0.477539;-1.41414;-0.239402;-0.579553;2.75581;-0.951185;-2.64264
4.788;-0.643708;0.0972865;-0.290564;0.701248;0.129395;-0.867039;-0.0546875;0.478027;-1.4133;-0.239928;-0.580538;2.75509;-0.952356;-2.64413
4.822;-0.643436;0.0968609;-0.290783;0.701465;0.12793;-0.866289;-0.0571289;0.479492;-1.41237;-0.240627;-0.580446;2.7479;-0.9547;-2.64278
4.827;-0.644988;0.0949848;-0.289891;0.700665;0.12793;-0.865206;-0.0571289;0.481445;-1.41569;-0.243239;-0.576148;2.74479;-0.958762;-2.63974
4.84;-0.644655;0.0950629;-0.289462;0.701138;0.125977;-0.864162;-0.0566406;0.483887;-1.41486;-0.242264;-0.575635;2.74528;-0.964989;-2.6425
4.85;-0.644866;0.0956761;-0.288219;0.701373;0.125977;-0.863496;-0.0541992;0.485352;-1.41577;-0.239807;-0.574291;2.75011;-0.969395;-2.64378
4.884;-0.644758;0.0961417;-0.287165;0.70184;0.125488;-0.862681;-0.0551758;0.486816;-1.41575;-0.237581;-0.573169;2.74559;-0.972126;-2.64148
4.92;-0.64631;0.0965383;-0.283128;0.701999;0.125488;-0.862405;-0.0551758;0.487305;-1.42027;-0.232527;-0.566572;2.74479;-0.973147;-2.64069
4.949;-0.647005;0.0979689;-0.279996;0.702417;0.125;-0.862168;-0.0556641;0.487793;-1.42292;-0.226622;-0.563051;2.7433;-0.974112;-2.64066
4.968;-0.64762;0.0989025;-0.278764;0.70221;0.126465;-0.862262;-0.0551758;0.487305;-1.42504;-0.224034;-0.562049;2.74325;-0.972708;-2.6377
4.983;-0.647371;0.0998226;-0.278655;0.702351;0.126465;-0.862538;-0.0551758;0.486816;-1.4248;-0.222394;-0.563111;2.74406;-0.971688;-2.63849
4.991;-0.647043;0.100195;-0.27788;0.702907;0.125977;-0.862641;-0.0546875;0.486816;-1.42414;-0.220528;-0.562406;2.74627;-0.97218;-2.64071
5.004;-0.646764;0.100516;-0.277164;0.703401;0.126465;-0.862875;-0.0541992;0.486328;-1.42358;-0.218855;-0.561717;2.74775;-0.971215;-2.64073
