0.026;0.0567816;0.744887;-0.652408;-0.12761;0.781367;0.081543;-0.618652;0.00927734;-1.68801;-0.116283;2.88601;-2.78842;1.31834;0.482737
0.054;0.0567847;0.744911;-0.652387;-0.127567;0.781367;0.081543;-0.618652;0.00927734;-1.68809;-0.116222;2.88607;-2.78842;1.31834;0.482737
0.095;0.0566906;0.745099;-0.652202;-0.127458;0.781367;0.081543;-0.618652;0.00927734;-1.68863;-0.116251;2.88639;-2.78842;1.31834;0.482737
0.105;0.0567219;0.74523;-0.652077;-0.127318;0.781367;0.081543;-0.618652;0.00927734;-1.68904;-0.116048;2.88656;-2.78842;1.31834;0.482737
0.121;0.0571486;0.745449;-0.651773;-0.127404;0.781316;0.0820313;-0.618652;0.00927734;-1.68979;-0.115709;2.88584;-2.78615;1.31812;0.485707
0.135;0.0574607;0.745713;-0.651428;-0.12748;0.781367;0.081543;-0.618652;0.00927734;-1.69066;-0.11552;2.88532;-2.78842;1.31834;0.482737
0.143;0.0572708;0.746957;-0.649911;-0.128027;0.781418;0.0810547;-0.618652;0.00927734;-1.6944;-0.117087;2.88508;-2.79069;1.31856;0.479763
0.155;0.0572278;0.747856;-0.648769;-0.12859;0.781753;0.081543;-0.618164;0.00927734;-1.69714;-0.118354;2.88455;-2.7904;1.3172;0.480758
0.184;0.0570939;0.748516;-0.647939;-0.128992;0.782127;0.081543;-0.617676;0.0102539;-1.69913;-0.119402;2.88432;-2.79803;1.31663;0.474532
0.189;0.0564031;0.749234;-0.647117;-0.129259;0.782512;0.081543;-0.617188;0.0102539;-1.70118;-0.120987;2.88513;-2.79997;1.31549;0.472608
0.201;0.0567173;0.749447;-0.646696;-0.129987;0.782903;0.081543;-0.616699;0.00976563;-1.70192;-0.12178;2.88372;-2.79907;1.31406;0.472815
0.213;0.0567488;0.749955;-0.64594;-0.130802;0.782971;0.0810547;-0.616699;0.00830078;-1.70349;-0.123191;2.88267;-2.79289;1.31342;0.476214
0.225;0.0567181;0.750226;-0.64558;-0.131037;0.783021;0.0805664;-0.616699;0.00830078;-1.70432;-0.123697;2.88245;-2.79511;1.31363;0.473286
0.235;0.0569557;0.749638;-0.646242;-0.131036;0.78301;0.0805664;-0.616699;0.00927734;-1.70257;-0.123155;2.88199;-2.80073;1.31419;0.469056
0.264;0.0575123;0.748197;-0.647954;-0.130572;0.782992;0.0805664;-0.616699;0.0107422;-1.69829;-0.121153;2.88151;-2.8092;1.31504;0.462675
0.271;0.0588442;0.742741;-0.654483;-0.128553;0.783469;0.0795898;-0.616211;0.0112305;-1.682;-0.114186;2.8813;-2.8184;1.31457;0.452785
0.284;0.0591701;0.74228;-0.65501;-0.128379;0.783178;0.0820313;-0.616211;0.0136719;-1.68068;-0.113314;2.88098;-2.82128;1.31495;0.456882
0.297;0.0596918;0.741757;-0.655523;-0.128542;0.783825;0.0830078;-0.615234;0.0146484;-1.67923;-0.112673;2.8799;-2.82606;1.3128;0.454904
0.327;0.0592745;0.7422;-0.654951;-0.129096;0.783999;0.0849609;-0.614746;0.0146484;-1.68048;-0.114235;2.87984;-2.81895;1.31087;0.464829
0.333;0.0566197;0.745062;-0.65157;-0.130892;0.784212;0.0864258;-0.614258;0.0151367;-1.68858;-0.121561;2.88185;-2.81692;1.30941;0.469666
0.361;0.056728;0.745932;-0.650412;-0.131654;0.785101;0.0854492;-0.613281;0.0141602;-1.69126;-0.122926;2.88081;-2.81941;1.30695;0.4644
0.386;0.0570211;0.747105;-0.648916;-0.132255;0.785435;0.0854492;-0.612793;0.0166016;-1.6949;-0.12393;2.87978;-2.83499;1.30719;0.452319
0.394;0.0573492;0.746306;-0.649793;-0.132311;0.78556;0.0844727;-0.612793;0.015625;-1.69254;-0.123271;2.87907;-2.83384;1.30702;0.450673
0.404;0.0578093;0.746281;-0.649732;-0.132557;0.785622;0.0839844;-0.612793;0.0151367;-1.69257;-0.123039;2.87805;-2.83327;1.30693;0.449852
0.416;0.0584964;0.745034;-0.651215;-0.131989;0.785855;0.0820313;-0.612793;0.0136719;-1.68893;-0.120779;2.87756;-2.83372;1.30688;0.444506
0.428;0.0590275;0.74381;-0.652652;-0.131556;0.78565;0.0805664;-0.613281;0.012207;-1.68533;-0.118937;2.87714;-2.83025;1.3078;0.443781
0.439;0.0595076;0.74313;-0.653449;-0.131228;0.785771;0.0795898;-0.613281;0.0107422;-1.68338;-0.117539;2.87676;-2.8263;1.30738;0.444241
0.451;0.0600115;0.742382;-0.65429;-0.131044;0.785882;0.0786133;-0.613281;0.00976563;-1.68123;-0.116302;2.87613;-2.82513;1.30724;0.442624
0.463;0.0605799;0.741621;-0.655188;-0.130603;0.785615;0.0776367;-0.61377;0.00830078;-1.67906;-0.114584;2.87576;-2.81943;1.30798;0.444838
0.474;0.0610104;0.741009;-0.655955;-0.130021;0.785725;0.0766602;-0.61377;0.00683594;-1.67731;-0.112893;2.87581;-2.81546;1.30758;0.445313
0.504;0.0611193;0.740675;-0.656397;-0.129644;0.785979;0.0742188;-0.61377;0.00390625;-1.67632;-0.112046;2.8761;-2.80971;1.30697;0.443395
0.512;0.0609367;0.740047;-0.657291;-0.128782;0.786031;0.0737305;-0.61377;0.00244141;-1.67438;-0.11073;2.87745;-2.80357;1.30638;0.446747
0.524;0.0609885;0.740198;-0.657131;-0.128705;0.785744;0.0727539;-0.614258;0.000488281;-1.67485;-0.110605;2.8775;-2.79504;1.30686;0.451092
0.536;0.0609138;0.740563;-0.656764;-0.128518;0.785362;0.0727539;-0.614746;0;-1.67592;-0.110565;2.87792;-2.79044;1.30773;0.454987
0.552;0.0611124;0.740913;-0.656358;-0.12848;0.785362;0.0727539;-0.614746;0;-1.67702;-0.110385;2.87774;-2.79044;1.30773;0.454987
0.557;0.0612983;0.741568;-0.655604;-0.128462;0.785316;0.0732422;-0.614746;0.00146484;-1.67903;-0.110375;2.8776;-2.79659;1.30833;0.451625
0.597;0.0613711;0.741933;-0.655182;-0.128472;0.785117;0.0751953;-0.614746;0.00488281;-1.68014;-0.110442;2.87753;-2.80733;1.3094;0.448549
0.603;0.0593616;0.745328;-0.651274;-0.129634;0.785595;0.0742188;-0.614258;0.00439453;-1.68995;-0.116179;2.87951;-2.81071;1.30839;0.443077
0.631;0.0593821;0.746188;-0.650097;-0.130575;0.786454;0.0732422;-0.613281;0.00341797;-1.69259;-0.117933;2.87836;-2.81304;1.30596;0.437979
0.639;0.0579335;0.748647;-0.646896;-0.133029;0.786789;0.0737305;-0.612793;0.00341797;-1.69981;-0.124551;2.87766;-2.81262;1.30461;0.439106
0.65;0.0579775;0.74872;-0.646618;-0.133947;0.787501;0.0742188;-0.611816;0.00390625;-1.70006;-0.125932;2.87638;-2.81667;1.30238;0.436469
0.662;0.0578318;0.748163;-0.647033;-0.135114;0.788207;0.074707;-0.61084;0.00488281;-1.69836;-0.127683;2.87492;-2.82338;1.3004;0.431867
0.691;0.0573829;0.747111;-0.647979;-0.136589;0.791021;0.0766602;-0.606934;0.00634766;-1.6951;-0.130095;2.87339;-2.83605;1.2912;0.424161
0.699;0.0561186;0.743119;-0.651767;-0.140799;0.793109;0.078125;-0.604004;0.00732422;-1.68282;-0.136533;2.86877;-2.84443;1.28425;0.419329
0.709;0.0549868;0.742084;-0.652481;-0.143376;0.797962;0.0810547;-0.597168;0.00878906;-1.67952;-0.141509;2.86672;-2.86044;1.26784;0.409776
0.723;0.0529397;0.740303;-0.653783;-0.147365;0.802058;0.0834961;-0.591309;0.00927734;-1.67383;-0.149524;2.86391;-2.86947;1.25348;0.405089
0.732;0.0494356;0.736834;-0.656677;-0.152995;0.807027;0.0869141;-0.583984;0.0107422;-1.66285;-0.161235;2.86052;-2.88259;1.23591;0.399183
0.779;0.0466485;0.734068;-0.658485;-0.159264;0.826752;0.109375;-0.55127;0.0249023;-1.65421;-0.173253;2.85523;-2.94119;1.16043;0.39467
0.787;0.0293069;0.713675;-0.673827;-0.189121;0.833167;0.113281;-0.540527;0.0288086;-1.59174;-0.232536;2.83175;-2.96364;1.13664;0.384086
0.801;0.0247979;0.70912;-0.677364;-0.194196;0.840657;0.116699;-0.527832;0.0327148;-1.57794;-0.244243;2.82916;-2.98806;1.10863;0.371036
0.812;0.014955;0.700852;-0.683058;-0.204972;0.848473;0.120117;-0.51416;0.0361328;-1.55298;-0.270155;2.82397;-3.00964;1.07836;0.360291
0.824;0.00687728;0.694135;-0.687015;-0.214802;0.85618;0.126465;-0.499512;0.0380859;-1.53292;-0.292925;2.81771;-3.01948;1.04511;0.363686
0.835;-0.00301946;0.686649;-0.690935;-0.226079;0.863192;0.133301;-0.485352;0.0395508;-1.5107;-0.320084;2.81083;-3.02586;1.01305;0.370692
0.882;-0.0118851;0.679812;-0.693964;-0.236913;0.881943;0.151855;-0.444336;0.0410156;-1.49055;-0.345437;2.80286;-3.03793;0.921013;0.392478
0.889;-0.049246;0.649259;-0.70506;-0.280941;0.890086;0.155273;-0.42627;0.0439453;-1.40116;-0.449206;2.76387;-3.05622;0.882739;0.38577
0.907;-0.0538252;0.645678;-0.705695;-0.286703;0.895616;0.15332;-0.415039;0.0458984;-1.39058;-0.462518;2.75775;-3.07253;0.859483;0.370755
0.925;-0.066051;0.636089;-0.708124;-0.299312;0.906318;0.147949;-0.393066;0.046875;-1.36249;-0.494195;2.74523;-3.09598;0.813005;0.343267
0.932;-0.0813488;0.627858;-0.709434;-0.309645;0.911726;0.146484;-0.380859;0.0473633;-1.33903;-0.528512;2.74045;-3.10586;0.787164;0.333448
0.944;-0.0869373;0.62463;-0.709983;-0.313375;0.916405;0.146973;-0.369141;0.0483398;-1.32984;-0.540932;2.73836;-3.11405;0.76256;0.329093
0.956;-0.0961155;0.618609;-0.710648;-0.321036;0.920404;0.149414;-0.35791;0.0493164;-1.31229;-0.563089;2.7312;-3.11971;0.739043;0.330338
0.968;-0.104249;0.613061;-0.710868;-0.328565;0.923557;0.152344;-0.348145;0.0512695;-1.29582;-0.583653;2.72283;-3.12647;0.719069;0.332645
0.98;-0.110997;0.607893;-0.710888;-0.335834;0.926226;0.155273;-0.339355;0.0532227;-1.28007;-0.601786;2.71307;-3.1327;0.701242;0.335443
0.99;-0.116392;0.603182;-0.710864;-0.342487;0.929697;0.15625;-0.328613;0.0571289;-1.26537;-0.617062;2.70278;3.13705;0.680104;0.331411
1.003;-0.120487;0.599961;-0.710488;-0.347473;0.931807;0.154785;-0.322754;0.0600586;-1.25515;-0.628768;2.69517;3.12628;0.668846;0.323899
1.013;-0.126751;0.59608;-0.710334;-0.352205;0.932834;0.154297;-0.319824;0.0610352;-1.24344;-0.643447;2.68983;3.12234;0.663046;0.321216
1.031;-0.131524;0.592915;-0.710556;-0.355337;0.93631;0.152344;-0.30957;0.0654297;-1.23399;-0.65389;2.68632;3.10634;0.643054;0.310845
1.038;-0.139355;0.587508;-0.710282;-0.36182;0.937285;0.152832;-0.306152;0.0664063;-1.21721;-0.672709;2.67728;3.10316;0.636272;0.310613
1.047;-0.143138;0.585169;-0.710058;-0.364563;0.939602;0.154785;-0.297852;0.0668945;-1.20999;-0.68147;2.6738;3.10044;0.619261;0.313369
1.082;-0.148193;0.582335;-0.709366;-0.368408;0.945411;0.164551;-0.271973;0.0717773;-1.20109;-0.693614;2.66892;3.08675;0.567914;0.328643
1.117;-0.166128;0.569964;-0.707686;-0.383044;0.951188;0.170898;-0.245117;0.0771484;-1.16107;-0.736604;2.64522;3.06915;0.51516;0.336451
1.128;-0.181581;0.554456;-0.706913;-0.399851;0.951895;0.171387;-0.241699;0.078125;-1.10731;-0.77557;2.60671;3.06609;0.508564;0.336646
1.156;-0.185669;0.549444;-0.707567;-0.403717;0.955367;0.171387;-0.226563;0.0810547;-1.09013;-0.78438;2.59604;3.05449;0.478767;0.33374
1.181;-0.195456;0.536653;-0.709009;-0.41365;0.961375;0.171875;-0.199707;0.0795898;-1.04519;-0.805437;2.56657;3.04888;0.42393;0.333858
1.204;-0.207885;0.523272;-0.70978;-0.423299;0.966276;0.174805;-0.172852;0.0766602;-0.99752;-0.830261;2.53731;3.0474;0.369176;0.340341
1.21;-0.22387;0.509113;-0.706533;-0.437604;0.968395;0.17627;-0.15918;0.0761719;-0.941172;-0.866278;2.49459;3.04442;0.341766;0.343321
1.218;-0.227351;0.50527;-0.705547;-0.441834;0.970295;0.177246;-0.146484;0.0751953;-0.92484;-0.874627;2.48052;3.04253;0.316162;0.345557
1.231;-0.232103;0.500257;-0.704205;-0.447176;0.971872;0.177734;-0.135254;0.074707;-0.90327;-0.885611;2.46226;3.03994;0.293658;0.346712
1.242;-0.240567;0.492126;-0.702416;-0.45448;0.973433;0.177246;-0.124512;0.0742188;-0.868646;-0.903146;2.43561;3.03722;0.272062;0.345921
1.255;-0.24784;0.485449;-0.701047;-0.459834;0.975116;0.176758;-0.112305;0.0727539;-0.839954;-0.917274;2.41456;3.03601;0.247252;0.345511
1.268;-0.257323;0.47755;-0.698961;-0.46603;0.976864;0.175781;-0.0991211;0.0708008;-0.804791;-0.935377;2.38896;3.03535;0.220325;0.344315
1.278;-0.268494;0.469286;-0.696009;-0.472498;0.97863;0.174805;-0.0839844;0.0683594;-0.765968;-0.956572;2.3606;3.03505;0.189409;0.343387
1.288;-0.278283;0.461817;-0.693465;-0.477902;0.980147;0.174805;-0.0664063;0.065918;-0.72992;-0.974401;2.33423;3.03412;0.153827;0.34469
1.302;-0.288771;0.453636;-0.689058;-0.485824;0.981055;0.17627;-0.0473633;0.0649414;-0.685151;-0.994955;2.29597;3.02989;0.116087;0.349057
1.314;-0.303525;0.440343;-0.682584;-0.498046;0.981305;0.179199;-0.027832;0.0644531;-0.609538;-1.02168;2.22992;3.02445;0.0778017;0.356681
1.324;-0.315098;0.428597;-0.676746;-0.508952;0.98088;0.183105;-0.000976563;0.065918;-0.538625;-1.04069;2.16569;3.01223;0.0260586;0.367412
1.338;-0.324071;0.418964;-0.672039;-0.517504;0.980648;0.184082;0.00585938;0.0664063;-0.478586;-1.0536;2.11109;3.00879;0.0129568;0.370249
1.347;-0.334469;0.406966;-0.66636;-0.527706;0.979833;0.186523;0.0244141;0.0673828;-0.402319;-1.06599;2.04145;2.99993;-0.0227086;0.377834
1.361;-0.340002;0.400983;-0.662754;-0.533263;0.979543;0.187012;0.0302734;0.0678711;-0.361075;-1.07237;2.00258;2.99672;-0.0339293;0.379758
1.382;-0.349012;0.391154;-0.658294;-0.54022;0.979055;0.187012;0.0424805;0.0683594;-0.297127;-1.08035;1.94622;2.99103;-0.0576454;0.381827
1.397;-0.361887;0.376789;-0.651718;-0.549847;0.976417;0.185547;0.0913086;0.0620117;-0.202323;-1.08875;1.86271;2.98406;-0.155929;0.387912
1.405;-0.373272;0.364132;-0.645747;-0.557751;0.973742;0.185547;0.118652;0.0576172;-0.117591;-1.09356;1.7884;2.98111;-0.211259;0.393637
1.416;-0.383481;0.352545;-0.639237;-0.565712;0.969509;0.186035;0.150879;0.0517578;-0.0368092;-1.09548;1.71514;2.97818;-0.276822;0.401977
1.43;-0.400298;0.333568;-0.628732;-0.577226;0.96355;0.189453;0.183105;0.0463867;0.0931145;-1.09395;1.59944;2.97226;-0.341908;0.417588
1.442;-0.423308;0.307715;-0.612122;-0.592814;0.956884;0.193848;0.211914;0.043457;0.270012;-1.08236;1.43992;2.96118;-0.399227;0.436349
1.452;-0.440163;0.286326;-0.597626;-0.605902;0.950185;0.19873;0.236328;0.0424805;0.402864;-1.06148;1.31849;2.94667;-0.44696;0.456788
1.464;-0.451126;0.269863;-0.586673;-0.616015;0.944116;0.203613;0.255859;0.0415039;0.490979;-1.03882;1.23744;2.93374;-0.485013;0.476416
1.494;-0.460253;0.255498;-0.576267;-0.625143;0.932451;0.208496;0.291992;0.0424805;0.562411;-1.0158;1.17064;2.90288;-0.554858;0.50824
1.5;-0.478829;0.223514;-0.554344;-0.643014;0.927376;0.206055;0.30957;0.0410156;0.69479;-0.958477;1.051;2.8938;-0.591098;0.513076
1.514;-0.481987;0.217207;-0.55121;-0.645505;0.920621;0.204102;0.330566;0.0390625;0.714842;-0.947176;1.03532;2.88184;-0.634415;0.522047
1.525;-0.492069;0.197504;-0.540048;-0.653612;0.911328;0.20166;0.356934;0.0375977;0.776408;-0.91026;0.986022;2.86282;-0.688532;0.536065
1.541;-0.502257;0.177574;-0.528391;-0.661066;0.899677;0.199219;0.386719;0.0366211;0.833756;-0.871899;0.941757;2.83638;-0.749473;0.556676
1.549;-0.51754;0.143825;-0.507237;-0.673927;0.886597;0.196777;0.416992;0.0366211;0.916721;-0.802198;0.877854;2.80258;-0.811028;0.583496
1.564;-0.525086;0.125603;-0.494774;-0.68096;0.864976;0.194824;0.460449;0.0429688;0.956182;-0.762401;0.847129;2.72424;-0.894365;0.645495
1.574;-0.537449;0.0916079;-0.470835;-0.693592;0.850909;0.193848;0.48584;0.0483398;1.01936;-0.685651;0.798938;2.66428;-0.940869;0.694165
1.585;-0.543881;0.0694609;-0.454894;-0.701741;0.83788;0.192871;0.507813;0.0537109;1.05309;-0.633915;0.773449;2.60302;-0.979563;0.744667
1.603;-0.548316;0.0486895;-0.439457;-0.709828;0.825785;0.192383;0.526855;0.059082;1.07912;-0.583616;0.752744;2.54045;-1.01108;0.797603
1.612;-0.553699;0.0198802;-0.417563;-0.720182;0.814625;0.191895;0.543457;0.0649414;1.11169;-0.513287;0.727683;2.47654;-1.03626;0.851472
1.621;-0.554872;0.00725067;-0.408024;-0.724969;0.802748;0.191406;0.560059;0.0727539;1.12247;-0.481733;0.718833;2.4007;-1.05789;0.91458
1.653;-0.554985;-0.00529196;-0.397991;-0.730457;0.761983;0.181152;0.614258;0.0961914;1.13055;-0.448958;0.710099;2.12187;-1.12266;1.14303
1.662;-0.551253;-0.0525047;-0.356021;-0.752737;0.748551;0.174805;0.631348;0.102539;1.15135;-0.318846;0.675628;2.02295;-1.1417;1.22329
1.677;-0.54892;-0.069183;-0.345985;-0.757757;0.736078;0.169434;0.646484;0.107422;1.15562;-0.278578;0.674322;1.9286;-1.15631;1.30264
1.689;-0.544581;-0.0944895;-0.332276;-0.764262;0.725782;0.166504;0.658203;0.11084;1.16087;-0.219224;0.676136;1.85;-1.1643;1.37199
1.701;-0.540634;-0.109723;-0.324026;-0.768559;0.715968;0.165527;0.668945;0.111816;1.16149;-0.182716;0.677883;1.77751;-1.1703;1.44161
1.713;-0.538026;-0.122685;-0.316455;-0.771578;0.705932;0.165527;0.679688;0.11084;1.16418;-0.151782;0.678429;1.70492;-1.17563;1.51557
1.725;-0.537344;-0.134849;-0.308783;-0.77313;0.687988;0.166016;0.698036;0.108887;1.17111;-0.123649;0.677912;1.57545;-1.17927;1.64852
1.737;-0.538942;-0.149081;-0.300408;-0.772704;0.675293;0.166016;0.710474;0.10791;1.18502;-0.0935504;0.678581;1.48497;-1.1777;1.74044
1.749;-0.540869;-0.164639;-0.291291;-0.771689;0.663086;0.165527;0.722065;0.107422;1.20105;-0.0610378;0.680061;1.39991;-1.17327;1.82553
1.761;-0.54063;-0.180029;-0.282308;-0.771758;0.649902;0.165039;0.734135;0.106934;1.21243;-0.027373;0.682379;1.31241;-1.16537;1.91309
1.772;-0.540738;-0.195077;-0.273628;-0.771152;0.637207;0.165039;0.745251;0.106445;1.22484;0.00494494;0.685417;1.2344;-1.15457;1.99192
1.809;-0.541127;-0.208873;-0.265663;-0.77005;0.611816;0.164551;0.766133;0.10791;1.23735;0.0341767;0.688748;1.09655;-1.12427;2.12721
1.847;-0.541426;-0.256751;-0.233844;-0.765673;0.576172;0.143555;0.795384;0.121582;1.28213;0.140417;0.697679;0.895953;-1.07934;2.27768
1.855;-0.539192;-0.293671;-0.207969;-0.761431;0.569824;0.13916;0.800346;0.124023;1.31563;0.224841;0.707259;0.862504;-1.07082;2.30118
1.868;-0.538233;-0.299604;-0.203879;-0.760905;0.562988;0.134766;0.805537;0.126465;1.32005;0.238733;0.709229;0.828531;-1.06117;2.32519
1.879;-0.5372;-0.308162;-0.199065;-0.759491;0.554199;0.128906;0.811942;0.130371;1.32759;0.257037;0.71416;0.787292;-1.04783;2.35215
1.89;-0.536431;-0.315217;-0.195349;-0.758102;0.550293;0.125;0.814729;0.133301;1.33424;0.271681;0.71886;0.767581;-1.04188;2.36185
1.904;-0.535794;-0.321276;-0.192348;-0.756775;0.54834;0.123047;0.816101;0.134766;1.34019;0.283951;0.723363;0.757884;-1.03888;2.36653
1.917;-0.534552;-0.326984;-0.18937;-0.755959;0.543457;0.117188;0.819151;0.141113;1.34442;0.29623;0.727294;0.735281;-1.02995;2.3712
1.928;-0.532078;-0.332343;-0.184863;-0.756483;0.541016;0.11377;0.820479;0.145508;1.34527;0.311093;0.727884;0.724642;-1.02493;2.37034
1.942;-0.529988;-0.335157;-0.182539;-0.757273;0.539063;0.112305;0.821617;0.147461;1.3439;0.319533;0.728035;0.717573;-1.0211;2.37236
1.954;-0.528267;-0.339015;-0.178937;-0.757618;0.536621;0.111816;0.82328;0.147461;1.34473;0.330626;0.72796;0.709078;-1.01713;2.3801
1.968;-0.526678;-0.342309;-0.175753;-0.757988;0.53418;0.111816;0.82504;0.146484;1.34519;0.340334;0.727711;0.700676;-1.01349;2.38991
1.978;-0.524186;-0.344407;-0.172795;-0.759444;0.533203;0.112305;0.825778;0.145508;1.3419;0.349004;0.725519;0.697895;-1.01207;2.39484
2.01;-0.52389;-0.346255;-0.171397;-0.759125;0.532227;0.113281;0.826616;0.143555;1.34363;0.353426;0.726245;0.695101;-1.01101;2.40194
2.015;-0.52154;-0.350852;-0.168527;-0.759274;0.533203;0.114258;0.826105;0.14209;1.34427;0.365053;0.728503;0.698471;-1.01313;2.40218
2.032;-0.521829;-0.350914;-0.169459;-0.75884;0.534668;0.114258;0.825242;0.141602;1.34514;0.363682;0.730239;0.701851;-1.01618;2.39953
2.04;-0.521812;-0.350912;-0.171158;-0.75847;0.536621;0.114258;0.823973;0.141602;1.34529;0.361511;0.733006;0.707394;-1.01972;2.39401
2.049;-0.522083;-0.350838;-0.171942;-0.758142;0.539063;0.11377;0.822697;0.140137;1.34591;0.36017;0.734258;0.710794;-1.02571;2.39208
2.079;-0.52229;-0.350362;-0.172729;-0.75804;0.541504;0.113281;0.822058;0.134766;1.34581;0.35837;0.734809;0.708225;-1.0348;2.40186
2.085;-0.521329;-0.346728;-0.176212;-0.759569;0.542969;0.112793;0.821634;0.131836;1.33878;0.350108;0.734;0.706495;-1.0402;2.40719
2.097;-0.521212;-0.345957;-0.177574;-0.759684;0.54541;0.112793;0.820557;0.128418;1.33757;0.34748;0.734892;0.708331;-1.04737;2.41038
2.126;-0.520702;-0.344084;-0.180166;-0.760274;0.552246;0.114746;0.816674;0.12207;1.33404;0.342211;0.735828;0.725016;-1.06337;2.40588
2.133;-0.519544;-0.33752;-0.186751;-0.762416;0.556152;0.116211;0.814245;0.119141;1.32301;0.326374;0.735412;0.737206;-1.07166;2.40011
2.147;-0.518955;-0.33472;-0.189272;-0.76343;0.560059;0.116699;0.811848;0.116699;1.31812;0.32006;0.734813;0.747512;-1.08036;2.39408
2.156;-0.519405;-0.330183;-0.194214;-0.763858;0.564453;0.117188;0.809214;0.113281;1.31365;0.307498;0.735805;0.758178;-1.09076;2.3891
2.169;-0.519306;-0.327171;-0.197064;-0.764491;0.566406;0.117188;0.807916;0.112793;1.30975;0.300048;0.735684;0.764148;-1.09468;2.38384
2.181;-0.517899;-0.32431;-0.199064;-0.766145;0.567383;0.116699;0.807233;0.113281;1.30297;0.295007;0.734049;0.76688;-1.09643;2.37969
2.193;-0.515051;-0.321793;-0.199702;-0.768954;0.567871;0.115723;0.806893;0.114258;1.29319;0.293365;0.730315;0.76719;-1.0973;2.37654
2.205;-0.513439;-0.320664;-0.200166;-0.770382;0.568848;0.114746;0.806205;0.115234;1.28807;0.292681;0.728854;0.76926;-1.09904;2.37162
2.218;-0.511981;-0.319803;-0.200975;-0.771499;0.570313;0.113281;0.805237;0.116211;1.2837;0.291788;0.728444;0.771574;-1.10207;2.36576
2.229;-0.510459;-0.318756;-0.202115;-0.772642;0.571777;0.112793;0.804195;0.116699;1.27898;0.290285;0.728292;0.776224;-1.10467;2.35969
2.239;-0.508215;-0.31694;-0.203493;-0.774505;0.573242;0.111816;0.803217;0.117188;1.27168;0.288074;0.727162;0.77938;-1.10769;2.35441
2.252;-0.506432;-0.315131;-0.204893;-0.77604;0.574219;0.111816;0.802448;0.117676;1.26547;0.28544;0.726242;0.783902;-1.10898;2.34918
2.28;-0.504728;-0.313396;-0.206247;-0.777493;0.575195;0.112305;0.80168;0.117676;1.25956;0.282887;0.725406;0.789156;-1.11026;2.34464
2.286;-0.504271;-0.311771;-0.207975;-0.777982;0.574707;0.112793;0.801961;0.117676;1.25669;0.278956;0.725744;0.788874;-1.10897;2.34562
2.315;-0.504966;-0.311693;-0.208502;-0.777421;0.574219;0.112305;0.802308;0.118164;1.25824;0.277613;0.726712;0.786333;-1.10812;2.34675
2.32;-0.505324;-0.311786;-0.209003;-0.777017;0.574219;0.112305;0.802308;0.118164;1.25923;0.276819;0.7278;0.786333;-1.10812;2.34675
2.334;-0.505896;-0.311838;-0.209586;-0.776466;0.574219;0.111328;0.802372;0.118652;1.26067;0.275685;0.729025;0.784066;-1.10856;2.34689
2.344;-0.506156;-0.31192;-0.210487;-0.77602;0.574707;0.11084;0.80209;0.118652;1.26147;0.274466;0.730748;0.784341;-1.10985;2.3459
2.374;-0.506478;-0.311875;-0.21142;-0.775574;0.575195;0.109863;0.801874;0.118652;1.26225;0.272983;0.732349;0.783048;-1.11157;2.34578
2.38;-0.506261;-0.311612;-0.213941;-0.77513;0.575195;0.109375;0.801868;0.119141;1.2617;0.269718;0.736169;0.782354;-1.11158;2.34505
2.39;-0.5066;-0.312089;-0.214182;-0.77465;0.575195;0.108887;0.801935;0.119141;1.2631;0.269771;0.73739;0.780785;-1.11201;2.34592
2.402;-0.507087;-0.312431;-0.214861;-0.774005;0.575684;0.108887;0.801657;0.118652;1.26471;0.268973;0.73919;0.781763;-1.1133;2.34565
2.417;-0.507857;-0.312929;-0.215613;-0.77309;0.575684;0.10791;0.801861;0.118164;1.26716;0.268041;0.741423;0.777728;-1.1146;2.34898
2.427;-0.508601;-0.313462;-0.216547;-0.772123;0.57666;0.106445;0.801498;0.117188;1.26962;0.26695;0.74401;0.774915;-1.11848;2.35109
2.455;-0.510142;-0.313087;-0.218089;-0.770824;0.578613;0.102539;0.800812;0.115723;1.27283;0.263185;0.746447;0.766901;-1.12667;2.35557
2.462;-0.513627;-0.311372;-0.222407;-0.767965;0.579102;0.100098;0.800768;0.115723;1.27909;0.252451;0.752015;0.760715;-1.1297;2.35823
2.471;-0.513511;-0.310737;-0.223565;-0.767963;0.57959;0.0981445;0.800657;0.115723;1.27815;0.250267;0.752981;0.756112;-1.1323;2.36001
2.483;-0.514318;-0.310697;-0.224189;-0.767257;0.57959;0.0961914;0.800823;0.116211;1.28;0.248717;0.75417;0.750535;-1.1336;2.36205
2.515;-0.515209;-0.310582;-0.225153;-0.766423;0.580566;0.0917969;0.800418;0.117676;1.28199;0.246564;0.755837;0.74249;-1.13798;2.36163
2.521;-0.515596;-0.310383;-0.226297;-0.765906;0.580566;0.0898438;0.800495;0.118652;1.28273;0.244523;0.757559;0.73786;-1.13887;2.36202
2.532;-0.515981;-0.310246;-0.226889;-0.765527;0.580566;0.0883789;0.800586;0.119141;1.2835;0.243255;0.758442;0.7339;-1.13974;2.36315
2.56;-0.516128;-0.31026;-0.227086;-0.765364;0.581055;0.0854492;0.80033;0.120605;1.28387;0.242894;0.758829;0.728881;-1.14198;2.36182
2.566;-0.51488;-0.310443;-0.226947;-0.766172;0.581055;0.0844727;0.800434;0.120605;1.28123;0.244432;0.758578;0.72557;-1.14284;2.36373
2.58;-0.515323;-0.310352;-0.227159;-0.765847;0.581055;0.0839844;0.800411;0.121094;1.28215;0.243648;0.758903;0.724915;-1.14286;2.36296
2.59;-0.515423;-0.310263;-0.227353;-0.765759;0.581055;0.0834961;0.800462;0.121094;1.28229;0.243197;0.759119;0.723258;-1.14329;2.36392
2.6;-0.515697;-0.310342;-0.227413;-0.765525;0.581543;0.0830078;0.800085;0.121582;1.28301;0.24298;0.759404;0.724526;-1.14421;2.36125
2.632;-0.516074;-0.310279;-0.227614;-0.765236;0.581543;0.0825195;0.800135;0.121582;1.28381;0.242305;0.759737;0.722866;-1.14464;2.3622
2.638;-0.515842;-0.310134;-0.227762;-0.765407;0.581543;0.0825195;0.800135;0.121582;1.28312;0.242139;0.759713;0.722866;-1.14464;2.3622
2.649;-0.516431;-0.310321;-0.227728;-0.764945;0.581543;0.0825195;0.800135;0.121582;1.28469;0.241898;0.760076;0.722866;-1.14464;2.3622
2.66;-0.516997;-0.310256;-0.22793;-0.764529;0.581543;0.0825195;0.800135;0.121582;1.28592;0.241048;0.76045;0.722866;-1.14464;2.3622
2.671;-0.517626;-0.310223;-0.228149;-0.764051;0.581543;0.0825195;0.800135;0.121582;1.28734;0.240164;0.760916;0.722866;-1.14464;2.3622
2.701;-0.518253;-0.310007;-0.228626;-0.763571;0.581543;0.0825195;0.800135;0.121582;1.28855;0.238712;0.761538;0.722866;-1.14464;2.3622
2.707;-0.518921;-0.309428;-0.229209;-0.763176;0.581543;0.0820313;0.800111;0.12207;1.28941;0.236616;0.761798;0.722214;-1.14466;2.36144
2.718;-0.519344;-0.309643;-0.229123;-0.762827;0.581543;0.0820313;0.800036;0.122559;1.29063;0.236623;0.762075;0.723223;-1.14426;2.35972
2.727;-0.51951;-0.309917;-0.228876;-0.762677;0.581543;0.0820313;0.800036;0.122559;1.29133;0.237143;0.762113;0.723223;-1.14426;2.35972
2.741;-0.520126;-0.310069;-0.228873;-0.762196;0.581055;0.0825195;0.800341;0.122559;1.29293;0.236787;0.762477;0.722956;-1.14294;2.36069
2.753;-0.520815;-0.310173;-0.228926;-0.761668;0.581055;0.0825195;0.800341;0.122559;1.29464;0.236232;0.762882;0.722956;-1.14294;2.36069
2.767;-0.521524;-0.310258;-0.229149;-0.76108;0.581055;0.0825195;0.800415;0.12207;1.29639;0.235417;0.763549;0.72195;-1.14334;2.3624
2.777;-0.522279;-0.310186;-0.229606;-0.760454;0.581055;0.0825195;0.800415;0.12207;1.29806;0.234059;0.764377;0.72195;-1.14334;2.3624
2.789;-0.523001;-0.310064;-0.230021;-0.759882;0.581055;0.0825195;0.800415;0.12207;1.2996;0.232717;0.765052;0.72195;-1.14334;2.3624
2.803;-0.523725;-0.310032;-0.230367;-0.759291;0.581055;0.0825195;0.800341;0.122559;1.30125;0.231576;0.765747;0.722956;-1.14294;2.36069
2.836;-0.524407;-0.309947;-0.230732;-0.758744;0.581055;0.0830078;0.80029;0.122559;1.30274;0.230377;0.766382;0.724609;-1.14251;2.35973
2.846;-0.524695;-0.309757;-0.231839;-0.758285;0.581055;0.0830078;0.80029;0.122559;1.30326;0.228461;0.768013;0.724609;-1.14251;2.35973
2.857;-0.524887;-0.309781;-0.232639;-0.757897;0.582031;0.0810547;0.799249;0.125977;1.30379;0.227297;0.769433;0.728881;-1.14317;2.34769
2.867;-0.523336;-0.308584;-0.233043;-0.759333;0.583496;0.0771484;0.797862;0.130371;1.29879;0.226651;0.767957;0.73066;-1.14566;2.33391
2.879;-0.51775;-0.306743;-0.232323;-0.764114;0.585449;0.0727539;0.796359;0.133301;1.28371;0.230231;0.76274;0.729966;-1.15072;2.32405
2.927;-0.511831;-0.304637;-0.231927;-0.769048;0.588867;0.0639648;0.7935;0.139648;1.26764;0.233256;0.757602;0.728204;-1.15966;2.304
2.937;-0.498774;-0.299968;-0.230458;-0.779829;0.589844;0.0625;0.792632;0.141113;1.23235;0.240258;0.745238;0.730626;-1.16155;2.29736
2.95;-0.498896;-0.29892;-0.230681;-0.780087;0.591309;0.0610352;0.791567;0.141602;1.2314;0.23845;0.744123;0.733111;-1.16512;2.2921
2.96;-0.498906;-0.297453;-0.230859;-0.780589;0.592773;0.0605469;0.79042;0.14209;1.2297;0.236214;0.742301;0.738977;-1.16776;2.28484
2.972;-0.497939;-0.295336;-0.231336;-0.781868;0.594727;0.0605469;0.788952;0.14209;1.22508;0.233563;0.739843;0.747729;-1.17119;2.27614
2.986;-0.498836;-0.293564;-0.232044;-0.781753;0.59668;0.0600586;0.787513;0.14209;1.2251;0.229495;0.738714;0.754991;-1.17508;2.26822
3.026;-0.499973;-0.291451;-0.2332;-0.781474;0.601074;0.0605469;0.784215;0.141602;1.22532;0.224209;0.737924;0.776248;-1.18261;2.24846
3.05;-0.500904;-0.286411;-0.235678;-0.781997;0.603516;0.0585938;0.782398;0.14209;1.22187;0.213458;0.73522;0.782602;-1.18828;2.23865
3.075;-0.501681;-0.282981;-0.237421;-0.782221;0.605957;0.0595703;0.780523;0.141602;1.2199;0.20594;0.73355;0.796994;-1.19185;2.2264
3.081;-0.499224;-0.280552;-0.238701;-0.784275;0.607422;0.0605469;0.779485;0.140625;1.21178;0.203124;0.731881;0.805556;-1.19421;2.22069
3.094;-0.500586;-0.280051;-0.239285;-0.783408;0.608398;0.0615234;0.778735;0.140137;1.21433;0.200565;0.732458;0.81279;-1.19528;2.21558
3.103;-0.502868;-0.278437;-0.240948;-0.782011;0.609375;0.0625;0.777981;0.139648;1.21781;0.194374;0.733521;0.820072;-1.19634;2.21042
3.115;-0.504051;-0.27713;-0.242578;-0.781209;0.609863;0.0625;0.777686;0.13916;1.21916;0.189583;0.734742;0.821531;-1.19761;2.20968
3.127;-0.505742;-0.276186;-0.243671;-0.78011;0.610352;0.0629883;0.777263;0.13916;1.22201;0.185503;0.735624;0.82575;-1.1979;2.20617
3.162;-0.507337;-0.27579;-0.24426;-0.779029;0.611328;0.0639648;0.776415;0.13916;1.22521;0.182869;0.736375;0.834203;-1.19848;2.19912
3.179;-0.508748;-0.27373;-0.245719;-0.778377;0.611816;0.0654297;0.775996;0.138672;1.22624;0.177036;0.736283;0.840649;-1.1982;2.19549
3.199;-0.510795;-0.272238;-0.246921;-0.777178;0.614746;0.0712891;0.773679;0.135742;1.22932;0.171745;0.736638;0.869689;-1.19956;2.17913
3.227;-0.516697;-0.269075;-0.249401;-0.773578;0.619629;0.0791016;0.77075;0.125488;1.2394;0.159243;0.737487;0.901246;-1.20912;2.17365
3.233;-0.5261;-0.261643;-0.254092;-0.768244;0.621582;0.0825195;0.769521;0.121094;1.25311;0.135067;0.736674;0.914739;-1.21296;2.17141
3.247;-0.527142;-0.259449;-0.254019;-0.768298;0.623047;0.0844727;0.768803;0.116699;1.25318;0.131236;0.733691;0.920643;-1.21764;2.17465
3.257;-0.530002;-0.254965;-0.254597;-0.76764;0.624023;0.0849609;0.768468;0.113281;1.25509;0.121871;0.728943;0.920775;-1.22215;2.18014
3.269;-0.531896;-0.253621;-0.256203;-0.76624;0.624023;0.0849609;0.768824;0.11084;1.25812;0.116386;0.730091;0.915448;-1.22467;2.18898
3.279;-0.533854;-0.252564;-0.257591;-0.764761;0.624023;0.0844727;0.769157;0.108887;1.26158;0.1115;0.731251;0.909393;-1.22719;2.19715
3.291;-0.534248;-0.251791;-0.258227;-0.764525;0.624512;0.0849609;0.768913;0.107422;1.26172;0.109304;0.731336;0.910799;-1.22895;2.19856
3.303;-0.535454;-0.250572;-0.258974;-0.763829;0.625;0.0859375;0.768678;0.105469;1.26328;0.105648;0.731097;0.91287;-1.23069;2.2007
3.315;-0.537297;-0.248861;-0.260148;-0.762695;0.625488;0.0874023;0.768315;0.104004;1.26582;0.100224;0.730983;0.91782;-1.23142;2.19995
3.327;-0.541065;-0.24747;-0.261549;-0.76;0.626465;0.0893555;0.767426;0.103027;1.27313;0.0932583;0.731857;0.928644;-1.23189;2.19333
3.338;-0.544927;-0.245527;-0.263483;-0.757197;0.627441;0.0908203;0.766586;0.102051;1.28015;0.0847681;0.732873;0.937767;-1.23285;2.18771
3.349;-0.54817;-0.243815;-0.265576;-0.754675;0.628418;0.0917969;0.765734;0.101563;1.286;0.0769163;0.734386;0.94628;-1.23381;2.1813
3.359;-0.551001;-0.242388;-0.267554;-0.75237;0.628906;0.0917969;0.765333;0.101563;1.2912;0.0699426;0.736031;0.949342;-1.23455;2.17824
3.372;-0.553302;-0.241415;-0.269076;-0.750449;0.628906;0.0917969;0.765333;0.101563;1.29562;0.0646235;0.737461;0.949342;-1.23455;2.17824
3.391;-0.555789;-0.240414;-0.270561;-0.748396;0.629395;0.0913086;0.76486;0.102539;1.30045;0.0591348;0.738785;0.952808;-1.23477;2.17268
3.419;-0.557303;-0.239049;-0.271953;-0.747202;0.629395;0.0932617;0.76469;0.102051;1.30267;0.054142;0.739393;0.958678;-1.23319;2.17031
3.469;-0.560176;-0.239116;-0.272657;-0.744771;0.631348;0.0996094;0.76247;0.100586;1.30945;0.0507229;0.740824;0.990235;-1.23072;2.14996
3.477;-0.57507;-0.23308;-0.279814;-0.732579;0.631348;0.100098;0.762341;0.101074;1.33874;0.0196756;0.745281;0.992912;-1.22965;2.14728
3.487;-0.576819;-0.232521;-0.281134;-0.730875;0.631348;0.100098;0.762277;0.101563;1.34236;0.01556;0.746774;0.993898;-1.22911;2.1456
3.499;-0.578378;-0.232025;-0.282363;-0.729324;0.631348;0.0996094;0.76221;0.102539;1.3456;0.0118174;0.748189;0.994181;-1.22858;2.14321
3.533;-0.579709;-0.231764;-0.283239;-0.72801;0.629883;0.100098;0.763025;0.10498;1.34852;0.00906137;0.749319;0.991461;-1.22326;2.14312
3.543;-0.581326;-0.23192;-0.284358;-0.726232;0.629395;0.100586;0.763296;0.105469;1.35252;0.00624533;0.751418;0.991034;-1.22149;2.14355
3.555;-0.582152;-0.232066;-0.28475;-0.72537;0.628906;0.101074;0.763634;0.105469;1.35463;0.00513136;0.752276;0.989648;-1.22026;2.14563
3.565;-0.5829;-0.231981;-0.285489;-0.724506;0.628418;0.102051;0.763906;0.105469;1.35633;0.00332025;0.753401;0.989936;-1.21849;2.14675
3.577;-0.583653;-0.231914;-0.286104;-0.723678;0.62793;0.103027;0.764177;0.105469;1.35806;0.00169158;0.754343;0.99023;-1.21672;2.14786
3.589;-0.584448;-0.231979;-0.286446;-0.72288;0.627441;0.103516;0.764512;0.105469;1.36003;0.000560463;0.755003;0.988889;-1.21548;2.1499
3.602;-0.585265;-0.23193;-0.286845;-0.722076;0.626953;0.104492;0.764779;0.105469;1.36193;-0.00081861;0.755604;0.989206;-1.21371;2.15098
3.646;-0.58613;-0.23184;-0.287168;-0.721274;0.624512;0.10791;0.766368;0.10498;1.36392;-0.00219572;0.756022;0.985131;-1.20701;2.16068
3.66;-0.587124;-0.231642;-0.287359;-0.720453;0.623535;0.108398;0.767094;0.10498;1.36611;-0.0036555;0.756069;0.981023;-1.20506;2.16549
3.668;-0.587865;-0.231518;-0.287625;-0.719782;0.622559;0.109863;0.767745;0.104492;1.36777;-0.00488379;0.756342;0.979322;-1.20259;2.17
3.68;-0.588613;-0.231465;-0.28785;-0.719097;0.62207;0.109863;0.768141;0.104492;1.36952;-0.00597317;0.756642;0.976497;-1.20187;2.17282
3.692;-0.589323;-0.23142;-0.28806;-0.718445;0.621582;0.11084;0.768396;0.104492;1.37118;-0.00699577;0.756927;0.976956;-1.20011;2.17377
3.704;-0.590012;-0.2313;-0.288376;-0.717792;0.620605;0.111816;0.769109;0.104004;1.37272;-0.00823984;0.757286;0.973726;-1.19815;2.1791
3.737;-0.590618;-0.231207;-0.288645;-0.717216;0.619141;0.113281;0.770075;0.104004;1.37409;-0.0093077;0.757601;0.970358;-1.19443;2.18459
3.742;-0.590905;-0.231135;-0.288947;-0.71688;0.618652;0.11377;0.770395;0.104004;1.37472;-0.0100887;0.758005;0.969256;-1.19318;2.18639
3.753;-0.591562;-0.231306;-0.289033;-0.716248;0.617676;0.114258;0.771106;0.104004;1.37646;-0.0106167;0.758374;0.965468;-1.19122;2.19089
3.768;-0.592226;-0.231397;-0.289163;-0.715618;0.617188;0.114746;0.771425;0.104004;1.37815;-0.0113159;0.758706;0.964405;-1.18998;2.19266
3.796;-0.592872;-0.231489;-0.289387;-0.714962;0.615234;0.116211;0.77283;0.103516;1.37979;-0.0121276;0.759196;0.957741;-1.18602;2.20214
3.802;-0.593596;-0.231555;-0.289798;-0.714173;0.614258;0.116699;0.773533;0.103516;1.3816;-0.013307;0.759961;0.954122;-1.18404;2.20647
3.854;-0.594338;-0.231594;-0.290049;-0.713441;0.611816;0.118652;0.775234;0.103027;1.38343;-0.0143177;0.760421;0.946812;-1.17881;2.21731
3.869;-0.595053;-0.231515;-0.290597;-0.712647;0.61084;0.119141;0.775929;0.103027;1.38508;-0.015865;0.761214;0.943358;-1.17681;2.22148
3.907;-0.595868;-0.231609;-0.290934;-0.711798;0.609375;0.120117;0.776929;0.103027;1.38714;-0.017;0.761888;0.939059;-1.17355;2.22718
3.929;-0.596979;-0.231789;-0.29155;-0.710555;0.60498;0.121582;0.780129;0.103027;1.39;-0.0187016;0.763138;0.92189;-1.16521;2.24649
3.941;-0.598057;-0.231819;-0.292002;-0.709452;0.604004;0.12207;0.78081;0.103027;1.39264;-0.0203406;0.763908;0.918733;-1.16319;2.25036
3.971;-0.598876;-0.231846;-0.292361;-0.708604;0.601563;0.123535;0.78259;0.102051;1.39466;-0.0216037;0.764523;0.910069;-1.15884;2.26257
3.977;-0.599861;-0.231867;-0.292802;-0.707582;0.601074;0.124023;0.782888;0.102051;1.39707;-0.0231537;0.765259;0.909359;-1.15758;2.26398
3.988;-0.60062;-0.231981;-0.293011;-0.706813;0.600586;0.124023;0.783263;0.102051;1.39902;-0.0240435;0.765744;0.907049;-1.1568;2.2663
4;-0.601333;-0.232022;-0.293463;-0.706006;0.600098;0.124512;0.783559;0.102051;1.40079;-0.0253229;0.766531;0.906366;-1.15554;2.26769
4.011;-0.602045;-0.23212;-0.293954;-0.705161;0.599609;0.125;0.783855;0.102051;1.40262;-0.0265858;0.76746;0.905683;-1.15427;2.26908
4.023;-0.602803;-0.232229;-0.294303;-0.704332;0.599609;0.125488;0.783777;0.102051;1.40457;-0.0276843;0.768167;0.907294;-1.15379;2.26818
4.072;-0.603536;-0.232301;-0.29476;-0.703489;0.598633;0.126953;0.784351;0.101563;1.40643;-0.0289579;0.768999;0.906708;-1.15129;2.2716
4.12;-0.6043;-0.232757;-0.295643;-0.702311;0.598633;0.12793;0.784256;0.101074;1.40872;-0.0303833;0.771063;0.909065;-1.15083;2.27137
4.147;-0.604165;-0.232802;-0.296302;-0.702134;0.598633;0.128906;0.784096;0.101074;1.40843;-0.03112;0.772219;0.912273;-1.14988;2.26957
4.155;-0.605041;-0.233099;-0.296724;-0.701103;0.598633;0.129395;0.784078;0.100586;1.41085;-0.032213;0.773298;0.913029;-1.14989;2.27023
4.194;-0.605786;-0.233101;-0.297116;-0.700292;0.599121;0.130371;0.783606;0.100098;1.41268;-0.0335065;0.773924;0.917656;-1.15021;2.26772
4.201;-0.607092;-0.233344;-0.297731;-0.698817;0.599121;0.130859;0.783524;0.100098;1.4161;-0.0353776;0.775229;0.919257;-1.14973;2.26682
4.213;-0.607728;-0.233374;-0.298058;-0.698115;0.599121;0.131348;0.783505;0.0996094;1.41769;-0.0364412;0.775787;0.920016;-1.14975;2.26748
4.249;-0.608368;-0.233464;-0.298349;-0.697403;0.600098;0.131836;0.782737;0.0991211;1.41935;-0.0373836;0.776368;0.92535;-1.15132;2.26355
4.258;-0.608698;-0.233604;-0.298959;-0.696807;0.600098;0.132324;0.782655;0.0991211;1.42029;-0.0384067;0.777556;0.92695;-1.15084;2.26266
4.272;-0.609429;-0.233624;-0.2993;-0.696014;0.600098;0.132324;0.782655;0.0991211;1.4221;-0.0396034;0.778117;0.92695;-1.15084;2.26266
4.286;-0.610135;-0.2336;-0.299801;-0.695188;0.600586;0.132813;0.782259;0.0986328;1.42381;-0.041058;0.77888;0.930014;-1.15163;2.261
4.295;-0.610811;-0.233555;-0.300262;-0.694409;0.600586;0.132813;0.782259;0.0986328;1.42543;-0.0424538;0.779549;0.930014;-1.15163;2.261
4.308;-0.611477;-0.233631;-0.300517;-0.693687;0.601074;0.133301;0.781801;0.0986328;1.42714;-0.043398;0.780046;0.933921;-1.15192;2.2578
4.318;-0.612182;-0.233724;-0.300718;-0.692947;0.601074;0.133789;0.781779;0.0981445;1.42897;-0.0442857;0.780473;0.934685;-1.15194;2.25845
4.33;-0.612915;-0.233698;-0.300997;-0.692186;0.601074;0.133789;0.781779;0.0981445;1.43075;-0.0454619;0.780864;0.934685;-1.15194;2.25845
4.366;-0.61364;-0.233645;-0.301339;-0.691412;0.601563;0.134277;0.78138;0.0976563;1.43249;-0.0467539;0.781318;0.937775;-1.15272;2.25676
4.376;-0.614302;-0.233507;-0.3017;-0.690713;0.602051;0.134766;0.78092;0.0976563;1.434;-0.0481156;0.78169;0.941705;-1.153;2.25354
4.388;-0.614936;-0.23359;-0.301876;-0.690044;0.602051;0.134766;0.78092;0.0976563;1.43564;-0.0489135;0.782062;0.941705;-1.153;2.25354
4.424;-0.615585;-0.233619;-0.302116;-0.68935;0.602539;0.135254;0.78052;0.097168;1.43728;-0.0498855;0.782464;0.944811;-1.15378;2.25184
4.436;-0.616158;-0.233704;-0.302528;-0.688627;0.602539;0.135742;0.780435;0.097168;1.43878;-0.0509628;0.78323;0.946407;-1.1533;2.25095
4.447;-0.616899;-0.233669;-0.302931;-0.687799;0.602539;0.135742;0.780435;0.097168;1.44058;-0.0523439;0.783804;0.946407;-1.1533;2.25095
4.491;-0.617623;-0.233711;-0.303294;-0.686974;0.603027;0.136719;0.779948;0.0966797;1.44242;-0.0535615;0.784419;0.951124;-1.15359;2.24835
4.497;-0.618422;-0.233821;-0.303866;-0.685964;0.603516;0.136719;0.779631;0.0961914;1.44451;-0.0550772;0.785468;0.952666;-1.15486;2.24752
4.508;-0.619086;-0.233994;-0.304053;-0.685223;0.603516;0.136719;0.779631;0.0961914;1.44632;-0.055822;0.785976;0.952666;-1.15486;2.24752
4.52;-0.619751;-0.234102;-0.304401;-0.68443;0.603516;0.137207;0.779545;0.0961914;1.44808;-0.0568844;0.786659;0.954261;-1.15437;2.24663
4.543;-0.620472;-0.234192;-0.304825;-0.683557;0.604004;0.137207;0.779167;0.0961914;1.44996;-0.0581366;0.787437;0.956628;-1.15512;2.24426
4.552;-0.621237;-0.234423;-0.305461;-0.682498;0.604004;0.137695;0.779141;0.0957031;1.45209;-0.059576;0.788756;0.957404;-1.15514;2.24489
4.576;-0.621915;-0.234457;-0.305897;-0.681673;0.604492;0.137695;0.778762;0.0957031;1.45381;-0.060876;0.789475;0.959781;-1.15589;2.24251
4.6;-0.622591;-0.234636;-0.306572;-0.680691;0.604492;0.138184;0.778735;0.0952148;1.45566;-0.0623491;0.790788;0.960563;-1.15591;2.24314
4.605;-0.623125;-0.234777;-0.307197;-0.679871;0.60498;0.138184;0.778356;0.0952148;1.45713;-0.0636502;0.791974;0.96295;-1.15666;2.24075
4.618;-0.623742;-0.234811;-0.307568;-0.679126;0.60498;0.138184;0.778416;0.0947266;1.45871;-0.064799;0.792587;0.962134;-1.15718;2.24227
4.63;-0.624363;-0.234938;-0.307979;-0.678324;0.60498;0.138672;0.778329;0.0947266;1.46038;-0.0659011;0.793397;0.96373;-1.15669;2.24138
4.644;-0.625049;-0.235021;-0.308329;-0.677505;0.605469;0.138672;0.777949;0.0947266;1.46218;-0.067036;0.794038;0.966133;-1.15744;2.23897
4.655;-0.62578;-0.235151;-0.308667;-0.67663;0.605469;0.138672;0.777949;0.0947266;1.46414;-0.0681479;0.794723;0.966133;-1.15744;2.23897
4.668;-0.626473;-0.235178;-0.309032;-0.675812;0.605469;0.13916;0.777921;0.0942383;1.46591;-0.0693833;0.795307;0.966915;-1.15746;2.2396
4.68;-0.627139;-0.235182;-0.309506;-0.674976;0.605957;0.13916;0.777541;0.0942383;1.46758;-0.0707822;0.796039;0.969322;-1.1582;2.23719
4.719;-0.627772;-0.235267;-0.309872;-0.674189;0.606445;0.139648;0.777131;0.09375;1.46926;-0.0718897;0.796709;0.972524;-1.15897;2.23539
4.726;-0.628235;-0.235385;-0.310723;-0.673325;0.606445;0.139648;0.777131;0.09375;1.47053;-0.0734996;0.798231;0.972524;-1.15897;2.23539
4.736;-0.628895;-0.235596;-0.310794;-0.672601;0.606445;0.139648;0.777131;0.09375;1.4724;-0.0740567;0.798593;0.972524;-1.15897;2.23539
4.749;-0.629559;-0.235684;-0.310973;-0.671866;0.606445;0.139648;0.777131;0.09375;1.47416;-0.0749257;0.798958;0.972524;-1.15897;2.23539
4.76;-0.630229;-0.235684;-0.311273;-0.671099;0.606445;0.139648;0.77719;0.0932617;1.47585;-0.0760858;0.799393;0.971713;-1.15949;2.2369
4.772;-0.630919;-0.235751;-0.311499;-0.670321;0.606934;0.140137;0.776721;0.0932617;1.47766;-0.0770803;0.799802;0.975747;-1.15974;2.23358
4.804;-0.631666;-0.235744;-0.311704;-0.669525;0.606934;0.140137;0.776721;0.0932617;1.47955;-0.0781927;0.800065;0.975747;-1.15974;2.23358
4.81;-0.632529;-0.23561;-0.312019;-0.66861;0.606934;0.140137;0.77678;0.0927734;1.48161;-0.079745;0.800319;0.974938;-1.16026;2.23509
4.85;-0.633192;-0.235573;-0.312267;-0.667879;0.607422;0.140625;0.776309;0.0927734;1.48325;-0.0808699;0.800616;0.978973;-1.1605;2.23175
4.861;-0.633849;-0.235405;-0.312465;-0.667223;0.607422;0.140625;0.776309;0.0927734;1.48476;-0.0820678;0.800645;0.978973;-1.1605;2.23175
4.87;-0.634425;-0.235393;-0.312631;-0.666601;0.607422;0.140625;0.776368;0.0922852;1.48621;-0.08295;0.80085;0.978166;-1.16102;2.23327
4.883;-0.635033;-0.2354;-0.312856;-0.665914;0.607422;0.140625;0.776368;0.0922852;1.48777;-0.0839342;0.801171;0.978166;-1.16102;2.23327
4.911;-0.6356;-0.235445;-0.313092;-0.665246;0.60791;0.141113;0.775955;0.0917969;1.48926;-0.0848452;0.801569;0.981407;-1.16178;2.23143
4.931;-0.635999;-0.235603;-0.313338;-0.664692;0.60791;0.141113;0.775955;0.0917969;1.49042;-0.0854623;0.802157;0.981407;-1.16178;2.23143
4.941;-0.636606;-0.23584;-0.313664;-0.663872;0.60791;0.141113;0.775955;0.0917969;1.4922;-0.0863318;0.802967;0.981407;-1.16178;2.23143
4.952;-0.6373;-0.236022;-0.313898;-0.663031;0.60791;0.141113;0.776012;0.0913086;1.49415;-0.0872255;0.803542;0.980598;-1.16231;2.23294
4.962;-0.638049;-0.23612;-0.314249;-0.662109;0.608398;0.141602;0.775541;0.0913086;1.49615;-0.0884525;0.804181;0.984663;-1.16254;2.22958
4.975;-0.638767;-0.23626;-0.314601;-0.661199;0.608398;0.141602;0.775541;0.0913086;1.49813;-0.0896029;0.804882;0.984663;-1.16254;2.22958
4.987;-0.639567;-0.236466;-0.314961;-0.660179;0.608398;0.141602;0.775541;0.0913086;1.50037;-0.0907828;0.805684;0.984663;-1.16254;2.22958
5.002;-0.640372;-0.236617;-0.315354;-0.659157;0.608398;0.141602;0.775598;0.0908203;1.50258;-0.0920829;0.806457;0.983857;-1.16307;2.23109
