0.023;0.564619;0.319061;0.274599;0.70993;-0.291176;-0.29509;0.735945;0.535279;1.40964;0.143427;0.860196;0.184711;-0.839771;1.96657
0.046;0.564581;0.319099;0.27465;0.709923;-0.720772;0.152939;0.665634;-0.118444;1.4096;0.143439;0.860335;0.365728;-1.66281;3.89392
0.063;0.564529;0.319128;0.274752;0.709912;-0.310934;0.859209;0.324025;-0.245128;1.40952;0.143387;0.86054;0.543124;-2.46936;5.78269
0.11;0.564521;0.319116;0.274795;0.709908;0.600601;0.716619;0.307968;-0.175758;1.40949;0.14332;0.860589;0.716973;-3.2599;7.63391
0.139;0.564435;0.31916;0.274979;0.709885;0.81243;-0.194829;0.385396;-0.391751;1.40935;0.143208;0.860948;0.887456;-4.03444;9.44808
0.15;0.564419;0.319262;0.275113;0.7098;0.0740648;-0.688841;0.127482;-0.709761;1.40945;0.143154;0.861325;1.05442;-4.79354;11.2257
0.162;0.564447;0.319241;0.275098;0.709793;-0.581646;-0.186583;-0.356513;-0.706946;1.40949;0.143121;0.861271;1.21809;-5.53742;12.9678
0.172;0.564438;0.319269;0.27515;0.709767;-0.319652;0.549788;-0.673672;-0.37646;1.4095;0.14309;0.861399;1.37847;-6.26645;14.675
0.185;0.564431;0.31928;0.275189;0.709753;0.438818;0.542218;-0.716435;-0.0126432;1.4095;0.143058;0.861479;1.53572;-6.98091;16.3482
0.196;0.564409;0.319309;0.275303;0.709713;0.698587;-0.148947;-0.649467;0.260737;1.40949;0.142955;0.861708;1.68975;-7.68108;17.9878
0.226;0.5644;0.319305;0.27536;0.7097;0.183605;-0.633086;-0.528849;0.534613;1.40947;0.142881;0.861794;1.84079;-8.36732;19.5947
0.232;0.564436;0.319247;0.275423;0.709673;-0.426364;-0.360758;-0.233114;0.796068;1.40948;0.142689;0.861811;1.9887;-9.03974;21.1693
0.244;0.564464;0.319209;0.275415;0.709671;-0.40538;0.280715;0.244471;0.834925;1.40949;0.142627;0.861743;2.13369;-9.69874;22.7126
0.257;0.564409;0.319263;0.27553;0.709646;0.19725;0.514521;0.649437;0.524016;1.40944;0.142587;0.862007;2.27577;-10.3445;24.2249
0.266;0.564352;0.319348;0.275634;0.709613;0.699914;0.0576774;0.710144;0.0498935;1.40942;0.1426;0.862303;2.415;-10.9774;25.707
0.281;0.564351;0.319369;0.275672;0.709589;0.562833;-0.646918;0.454072;-0.241938;1.40944;0.142572;0.862398;2.55147;-11.5976;27.1595
0.291;0.564426;0.319276;0.275645;0.709582;-0.10713;-0.953118;0.193046;-0.206938;1.4095;0.142424;0.862219;2.68519;-12.2055;28.5829
0.303;0.564407;0.319278;0.275708;0.709571;-0.749897;-0.631219;0.192875;-0.0448977;1.40946;0.142358;0.862323;2.81629;-12.8011;29.9779
0.335;0.56439;0.319324;0.275803;0.709527;-0.913777;0.00673413;0.398979;-0.0760403;1.40948;0.142296;0.862549;2.9448;-13.385;31.3451
0.349;0.564367;0.319351;0.275955;0.709474;-0.604557;0.473133;0.49951;-0.401429;1.40947;0.142141;0.862835;3.07061;-13.9571;32.6848
0.36;0.564367;0.319356;0.275975;0.709464;-0.175658;0.532626;0.242806;-0.791517;1.40948;0.142118;0.862877;3.19391;-14.5177;33.9977
0.395;0.564351;0.319337;0.276011;0.709472;0.0348606;0.322476;-0.310712;-0.893449;1.40941;0.142065;0.862904;3.31475;-15.0671;35.2845
0.41;0.564292;0.319431;0.276122;0.709433;-0.0366761;0.149222;-0.824154;-0.545122;1.4094;0.142081;0.863225;3.43316;-15.6055;36.5454
0.439;0.56433;0.319385;0.276106;0.70943;-0.205461;0.203955;-0.953587;0.0828203;1.40943;0.142008;0.863131;3.54467;-16.1476;37.7811
0.446;0.564304;0.319405;0.276159;0.709421;-0.218441;0.449157;-0.614242;0.610941;1.4094;0.141986;0.863246;3.65854;-16.6644;38.9921
0.455;0.564155;0.31954;0.276357;0.709401;0.0111339;0.675536;-0.0346936;0.736427;1.40923;0.142025;0.863762;3.77008;-17.1709;40.1788
0.467;0.564184;0.319524;0.276334;0.709394;0.386721;0.700435;0.418947;0.429326;1.40927;0.142006;0.863702;3.87939;-17.6673;41.3419
0.479;0.564162;0.319559;0.276375;0.709381;0.722503;0.482421;0.490277;-0.0699054;1.40927;0.142015;0.86382;3.98651;-18.1537;42.4816
0.492;0.564088;0.319632;0.276471;0.709368;0.877295;0.119497;0.18215;-0.427664;1.40919;0.142042;0.864083;4.09149;-18.6304;43.5985
0.503;0.564108;0.319597;0.276454;0.709375;0.825993;-0.240278;-0.273772;-0.430175;1.40919;0.142005;0.864002;4.19438;-19.0976;44.6931
0.516;0.564102;0.319565;0.27648;0.709385;0.640669;-0.493699;-0.580182;-0.0958808;1.40914;0.14194;0.863995;4.29515;-19.5555;45.7659
0.528;0.564028;0.319603;0.276557;0.709396;0.419847;-0.622105;-0.552888;0.36198;1.40902;0.141955;0.86417;4.39396;-20.0042;46.8171
0.551;0.564048;0.319527;0.276553;0.709416;0.224801;-0.668488;-0.210468;0.676973;1.40897;0.141852;0.864047;4.49079;-20.4439;47.8473
0.561;0.564039;0.319501;0.276591;0.70942;0.0600471;-0.684588;0.25847;0.678916;1.40891;0.14178;0.864069;4.58569;-20.8748;48.857
0.572;0.564006;0.319588;0.276636;0.709389;-0.103224;-0.690212;0.61211;0.37185;1.40895;0.141851;0.864274;4.67868;-21.2971;49.8465
0.586;0.563979;0.319651;0.276675;0.709368;-0.288008;-0.666807;0.681788;-0.0870926;1.40897;0.141899;0.864433;4.76982;-21.7109;50.8162
0.597;0.563926;0.319671;0.276761;0.709367;-0.485315;-0.580486;0.444634;-0.47938;1.40887;0.141858;0.864597;4.85905;-22.1164;51.7663
0.627;0.563892;0.319672;0.276753;0.709396;-0.650992;-0.416959;0.0131771;-0.634177;1.4088;0.141907;0.864582;4.9417;-22.5283;52.6978
0.635;0.563794;0.319742;0.276702;0.709462;-0.74693;-0.187626;-0.413031;-0.486104;1.40866;0.142163;0.864594;5.02754;-22.9175;53.6103
0.666;0.563774;0.319755;0.276705;0.709471;-0.739728;0.0583911;-0.66133;-0.109706;1.40863;0.142194;0.864617;5.11218;-23.2989;54.5049
0.672;0.563868;0.319786;0.27691;0.709303;-0.63638;0.263435;-0.639464;0.341627;1.40889;0.141845;0.865014;5.19464;-23.6727;55.3813
0.682;0.563857;0.319744;0.276935;0.709321;-0.477489;0.386627;-0.363034;0.700521;1.40881;0.141773;0.864988;5.27539;-24.039;56.2402
0.697;0.563813;0.31977;0.276938;0.709343;-0.318603;0.419933;0.0646434;0.847331;1.40874;0.141845;0.865027;5.35442;-24.3979;57.0819
0.723;0.563769;0.319784;0.276887;0.709391;-0.206492;0.389387;0.500552;0.745108;1.40866;0.14198;0.86496;5.43214;-24.7499;57.9069
0.73;0.563777;0.319714;0.276999;0.709373;-0.161374;0.342051;0.814504;0.439934;1.40859;0.141735;0.865037;5.50821;-25.0947;58.7153
0.744;0.56386;0.319665;0.2769;0.709368;-0.170636;0.32502;0.929576;0.0336803;1.40872;0.141728;0.864807;5.58281;-25.4326;59.5076
0.755;0.563814;0.319704;0.276992;0.709351;-0.19642;0.366764;0.836737;-0.356054;1.40866;0.141694;0.865014;5.65599;-25.7637;60.284
0.77;0.563844;0.319713;0.277035;0.709307;-0.191922;0.466848;0.58648;-0.633452;1.40874;0.141613;0.865101;5.72764;-26.0882;61.0449
0.778;0.563884;0.319675;0.277037;0.709291;-0.11949;0.596769;0.264325;-0.748145;1.40879;0.141524;0.865051;5.79786;-26.4062;61.7905
0.792;0.563837;0.31969;0.277132;0.709284;0.0356536;0.710803;-0.0392349;-0.70139;1.4087;0.14146;0.865224;5.86667;-26.7178;62.5213
0.802;0.563817;0.31974;0.277187;0.709256;0.260396;0.761473;-0.254047;-0.536483;1.40872;0.141461;0.865389;5.93404;-27.0232;63.2374
0.814;0.563786;0.319755;0.277231;0.709257;0.517682;0.714526;-0.345164;-0.319875;1.40867;0.14145;0.865481;6.00007;-27.3225;63.9392
0.824;0.563669;0.319794;0.277357;0.709283;0.757366;0.558954;-0.315641;-0.119743;1.40845;0.141445;0.865732;6.06463;-27.6158;64.6269
0.838;0.56357;0.319867;0.277373;0.709322;0.929675;0.309849;-0.198914;0.0114377;1.40832;0.141611;0.86586;6.12746;-27.9031;65.3007
0.848;0.563449;0.319896;0.277132;0.7095;0.997889;0.00403172;-0.0450162;0.0466339;1.40806;0.14211;0.865493;6.18924;-28.1847;65.9612
0.861;0.563397;0.319876;0.276954;0.709619;0.946257;-0.309293;0.0935938;-0.0132682;1.40791;0.142391;0.865164;6.24982;-28.4607;66.6084
0.873;0.563398;0.319799;0.276753;0.709732;0.782522;-0.579834;0.174778;-0.144585;1.40781;0.142582;0.864716;6.30948;-28.7313;67.2427
0.885;0.563371;0.319821;0.276754;0.709743;0.534922;-0.766626;0.1744;-0.309399;1.40777;0.142634;0.864747;6.36805;-28.9964;67.8645
0.897;0.563126;0.320128;0.277064;0.709678;0.245469;-0.84536;0.0887768;-0.466079;1.40761;0.142816;0.865702;6.4254;-29.2563;68.4737
0.907;0.563011;0.320177;0.277181;0.709701;-0.0392882;-0.811955;-0.0677801;-0.578439;1.4074;0.142834;0.865956;6.48145;-29.5109;69.0705
0.921;0.562952;0.320126;0.277115;0.709797;-0.27712;-0.681319;-0.268539;-0.62201;1.4072;0.142931;0.86576;6.536;-29.7604;69.6552
0.931;0.562855;0.320091;0.276844;0.709995;-0.43721;-0.482765;-0.481485;-0.586479;1.40692;0.143371;0.865248;6.58953;-30.0048;70.2283
0.943;0.562823;0.320008;0.276568;0.710166;-0.503695;-0.253621;-0.675203;-0.475467;1.40673;0.143694;0.864662;6.64199;-30.2443;70.7901
0.955;0.562776;0.319964;0.276325;0.710318;-0.476796;-0.032336;-0.824235;-0.30374;1.40655;0.144032;0.864187;6.69354;-30.4792;71.3407
0.965;0.562834;0.319818;0.276066;0.710438;-0.370983;0.147613;-0.912087;-0.0931696;1.40649;0.144162;0.863542;6.74427;-30.7094;71.8804
0.979;0.562889;0.319715;0.275946;0.710488;-0.21107;0.262279;-0.932369;0.131708;1.40648;0.144153;0.863193;6.79409;-30.9349;72.4094
0.991;0.562843;0.319793;0.276011;0.710464;-0.0274208;0.299645;-0.888028;0.34766;1.40648;0.1442;0.863415;6.84292;-31.156;72.9278
1.001;0.56275;0.319912;0.276133;0.710436;0.149096;0.26006;-0.789318;0.535833;1.40642;0.144266;0.863788;6.89073;-31.3726;73.4358
1.033;0.562733;0.319931;0.276136;0.71044;0.291466;0.154574;-0.651002;0.683631;1.4064;0.144302;0.863821;6.93726;-31.5849;73.9337
1.041;0.562634;0.319959;0.276065;0.710533;0.380054;0.00257404;-0.489625;0.784742;1.40621;0.144538;0.863735;6.98323;-31.7929;74.4216
1.059;0.562672;0.319913;0.276036;0.710535;0.403775;-0.172486;-0.32108;0.83912;1.40624;0.144485;0.863621;7.02834;-31.9968;74.8999
1.066;0.562645;0.319999;0.276138;0.710478;0.360746;-0.345934;-0.15897;0.851423;1.40629;0.144472;0.863919;7.07249;-32.1966;75.3685
1.076;0.562548;0.320109;0.276253;0.71046;0.257488;-0.495268;-0.0131929;0.8296;1.40621;0.144541;0.864267;7.11575;-32.3924;75.8277
1.106;0.562475;0.320171;0.276348;0.710454;0.107072;-0.602505;0.110265;0.783176;1.40612;0.144558;0.864508;7.15815;-32.5843;76.2778
1.112;0.562456;0.320186;0.276391;0.710445;-0.0730352;-0.655693;0.209097;0.721811;1.4061;0.144537;0.8646;7.19963;-32.7724;76.7187
1.124;0.562544;0.320102;0.276231;0.710475;-0.263487;-0.649556;0.284242;0.654109;1.40619;0.144568;0.864218;7.2403;-32.9567;77.1508
1.163;0.562533;0.320108;0.276213;0.710489;-0.445245;-0.585205;0.338897;0.586891;1.40617;0.144612;0.864196;7.2802;-33.1373;77.5745
1.187;0.562499;0.320153;0.276275;0.710471;-0.601308;-0.469358;0.377532;0.524978;1.40615;0.144613;0.864364;7.32005;-33.3143;77.9902
1.198;0.562516;0.320154;0.276248;0.710467;-0.718382;-0.313039;0.405309;0.470806;1.40619;0.144634;0.864323;7.35906;-33.4877;78.3975
1.205;0.562574;0.320108;0.27614;0.710484;-0.787501;-0.130102;0.427072;0.424883;1.40626;0.14467;0.864082;7.39733;-33.6577;78.7967
1.217;0.562545;0.32011;0.276173;0.710494;-0.804402;0.0643246;0.446872;0.386142;1.4062;0.144657;0.864136;7.43484;-33.8243;79.188
1.229;0.562531;0.320098;0.276192;0.710503;-0.769353;0.255293;0.467636;0.352475;1.40615;0.144633;0.864145;7.47159;-33.9876;79.5714
1.239;0.562549;0.320082;0.276168;0.710505;-0.686603;0.42925;0.491048;0.321235;1.40617;0.144628;0.864084;7.50761;-34.1476;79.9472
1.252;0.562582;0.320027;0.276135;0.710517;-0.563607;0.574899;0.517626;0.289657;1.40618;0.144575;0.863948;7.54291;-34.3044;80.3154
1.266;0.562613;0.319979;0.276104;0.710525;-0.410033;0.683872;0.546837;0.255267;1.40619;0.14453;0.863827;7.57751;-34.4581;80.6764
1.276;0.562616;0.319977;0.276121;0.710517;-0.23689;0.750871;0.577352;0.216195;1.40619;0.144501;0.863853;7.61145;-34.6087;81.0302
1.289;0.562569;0.319996;0.276222;0.710507;-0.0555479;0.773766;0.607363;0.171204;1.40611;0.144432;0.864042;7.64477;-34.7563;81.3769
1.297;0.562566;0.32004;0.276305;0.710457;0.122959;0.753406;0.634742;0.11985;1.40616;0.144371;0.864247;7.67733;-34.9009;81.7166
1.309;0.562649;0.319984;0.276213;0.710453;0.288832;0.693078;0.657515;0.0623983;1.40628;0.144346;0.864018;7.70928;-35.0426;82.0495
1.322;0.56266;0.319964;0.276238;0.710443;0.430196;0.59952;0.674882;-0.00645688;1.40628;0.144276;0.864031;7.7452;-35.1676;82.3759
1.332;0.562701;0.319887;0.27631;0.710417;0.549688;0.474126;0.683654;-0.0752608;1.40628;0.144045;0.864034;7.78037;-35.3056;82.7002
1.343;0.562742;0.319799;0.276352;0.710408;0.636361;0.327828;0.68271;-0.146565;1.40626;0.143842;0.86397;7.81481;-35.4408;83.0182
1.354;0.562575;0.320019;0.27659;0.710349;0.687661;0.168903;0.671567;-0.218156;1.40616;0.143941;0.864682;7.84865;-35.5734;83.33
1.368;0.562466;0.320146;0.276849;0.710277;0.703018;0.00580433;0.650318;-0.287783;1.40608;0.143844;0.86529;7.88179;-35.7033;83.6352
1.38;0.562528;0.320048;0.276879;0.71026;0.683761;-0.153784;0.619569;-0.35349;1.4061;0.143623;0.865195;7.91416;-35.8306;83.9344
1.388;0.562666;0.319873;0.276762;0.710276;0.632643;-0.303081;0.580391;-0.413583;1.40619;0.143438;0.864749;7.94591;-35.9552;84.2275
1.402;0.562782;0.31965;0.276745;0.710291;0.553525;-0.436447;0.534108;-0.466747;1.40618;0.143083;0.864388;7.9771;-36.0774;84.5151
1.413;0.56288;0.319492;0.276844;0.710245;0.450972;-0.549458;0.482224;-0.512036;1.40621;0.142658;0.864318;8.00782;-36.1973;84.7976
1.428;0.562853;0.319654;0.277217;0.710048;0.329977;-0.638847;0.426317;-0.548857;1.40636;0.142356;0.865179;8.0383;-36.315;85.0754
1.456;0.562327;0.320384;0.278522;0.709625;0.196081;-0.702298;0.368066;-0.576937;1.40612;0.14194;0.86839;8.0685;-36.4304;85.3486
1.461;0.561679;0.321284;0.280234;0.709057;0.0566525;-0.738456;0.310556;-0.595843;1.40583;0.141284;0.872521;8.09719;-36.5431;85.6135
1.474;0.561517;0.32145;0.28044;0.709029;-0.0842468;-0.748369;0.254462;-0.606709;1.40567;0.141361;0.873099;8.12515;-36.6535;85.8727
1.503;0.561578;0.321298;0.280284;0.709112;-0.222099;-0.733257;0.200897;-0.610448;1.40561;0.141339;0.872612;8.15232;-36.7618;86.127
1.509;0.561558;0.321196;0.28014;0.70923;-0.352896;-0.695105;0.150701;-0.607934;1.40543;0.141445;0.872215;8.17933;-36.8678;86.3763
1.544;0.561636;0.321065;0.280132;0.709231;-0.467772;-0.63896;0.0999536;-0.602436;1.40544;0.141223;0.872008;8.20628;-36.9563;86.6176
1.557;0.561584;0.321327;0.280807;0.708886;-0.570148;-0.566824;0.0538206;-0.592237;1.40568;0.140638;0.87352;8.23236;-37.043;86.8536
1.6;0.561554;0.32135;0.281241;0.708727;-0.659085;-0.480748;0.0117006;-0.578231;1.40565;0.140092;0.874266;8.25837;-37.128;87.0868
1.606;0.561395;0.321793;0.282479;0.70816;-0.731675;-0.384911;-0.0246429;-0.562039;1.4059;0.139046;0.876973;8.28245;-37.2113;87.3132
1.616;0.56118;0.321938;0.283129;0.708005;-0.788655;-0.280534;-0.0569213;-0.544136;1.4056;0.138537;0.878242;8.30613;-37.293;87.5375
1.631;0.56035;0.322946;0.284834;0.707519;-0.829143;-0.170084;-0.0850403;-0.525701;1.40504;0.138207;0.882518;8.32839;-37.3735;87.7598
1.642;0.558455;0.324877;0.287597;0.707015;-0.851596;-0.0606588;-0.108332;-0.509284;1.40325;0.13861;0.889857;8.34592;-37.4503;87.9718
1.663;0.55792;0.325772;0.288934;0.70648;-0.858179;0.0494954;-0.129274;-0.494335;1.40323;0.13834;0.893399;8.36052;-37.5253;88.1823
1.678;0.554429;0.328686;0.291145;0.706972;-0.85708;0.130344;-0.176575;-0.466095;1.39908;0.142385;0.901185;8.39105;-37.5169;88.3702
1.698;0.554224;0.328971;0.292091;0.706609;-0.849861;0.198852;-0.225975;-0.432585;1.39901;0.141613;0.903176;8.41943;-37.4854;88.5421
1.733;0.555175;0.32795;0.291383;0.70663;-0.835157;0.268097;-0.272006;-0.39579;1.39983;0.140402;0.90052;8.44264;-37.4546;88.7171
1.745;0.552995;0.330101;0.293073;0.706638;-0.816223;0.332946;-0.31108;-0.355185;1.39772;0.142874;0.906425;8.46749;-37.4244;88.8824
1.757;0.553436;0.32949;0.29278;0.7067;-0.792131;0.395525;-0.344838;-0.311731;1.39791;0.142109;0.905034;8.49148;-37.3947;89.045
1.77;0.553641;0.329164;0.2926;0.706766;-0.763221;0.455468;-0.373186;-0.266035;1.39795;0.141767;0.90425;8.51475;-37.3657;89.205
1.78;0.553579;0.329215;0.292637;0.706775;-0.730024;0.512261;-0.395993;-0.218731;1.39787;0.141842;0.904384;8.53761;-37.3372;89.3618
1.794;0.553518;0.329304;0.29271;0.706752;-0.693034;0.565256;-0.413512;-0.170875;1.39785;0.141907;0.904637;8.55925;-37.3093;89.5149
1.806;0.553512;0.32932;0.292756;0.70673;-0.652674;0.614547;-0.425804;-0.122638;1.39786;0.141869;0.904737;8.58046;-37.282;89.6648
1.817;0.553553;0.329306;0.292718;0.70672;-0.609361;0.660006;-0.43304;-0.0744793;1.39794;0.141859;0.904657;8.60137;-37.2552;89.8116
1.846;0.553619;0.329263;0.292717;0.706689;-0.563416;0.701648;-0.435354;-0.0268387;1.39803;0.14174;0.904598;8.62218;-37.2291;89.9556
1.869;0.553747;0.329146;0.292868;0.70658;-0.515469;0.73889;-0.433541;0.0194015;1.39818;0.141256;0.904681;8.64151;-37.2034;90.0962
1.876;0.553765;0.329081;0.293003;0.70654;-0.465837;0.772011;-0.427625;0.064283;1.39813;0.140974;0.904805;8.66028;-37.1782;90.2338
1.889;0.553769;0.3291;0.293002;0.706529;-0.414764;0.801115;-0.417875;0.107545;1.39817;0.140993;0.904833;8.67852;-37.1535;90.3689
1.899;0.553706;0.329266;0.293001;0.706501;-0.36305;0.825943;-0.40487;0.148636;1.39824;0.141249;0.905084;8.69576;-37.1293;90.5005
1.913;0.553774;0.329213;0.29293;0.706502;-0.311918;0.845561;-0.387245;0.19436;1.39833;0.141215;0.904891;8.71771;-37.0923;90.6294
1.926;0.553942;0.328994;0.292995;0.706445;-0.260328;0.861335;-0.365926;0.237549;1.39843;0.140691;0.904677;8.73909;-37.0559;90.7559
1.939;0.554039;0.328869;0.293076;0.706394;-0.208525;0.873389;-0.341239;0.277966;1.39849;0.140331;0.904627;8.75999;-37.0203;90.88
1.95;0.554058;0.328837;0.293242;0.706325;-0.156916;0.881773;-0.313635;0.315415;1.39849;0.140043;0.904855;8.78032;-36.9854;91.0016
1.97;0.554128;0.328736;0.293281;0.706301;-0.105935;0.886481;-0.283957;0.349711;1.39852;0.139798;0.904771;8.79902;-36.9511;91.1209
2.009;0.553825;0.329123;0.293543;0.706249;-0.0546452;0.887959;-0.251504;0.381167;1.39835;0.140202;0.905776;8.81757;-36.9175;91.24
2.02;0.553082;0.330262;0.29481;0.705773;-0.0105961;0.88292;-0.216388;0.416552;1.39819;0.140534;0.909573;8.83628;-36.8658;91.3488
2.033;0.553284;0.330079;0.294822;0.705694;0.0323429;0.87514;-0.178983;0.448384;1.39841;0.140087;0.909332;8.85464;-36.8152;91.4556
2.045;0.5534;0.329998;0.294958;0.705585;0.0739415;0.864769;-0.139705;0.476643;1.39858;0.139678;0.909445;8.8726;-36.7656;91.5604
2.059;0.55345;0.329976;0.295159;0.705472;0.113601;0.852003;-0.0993981;0.501303;1.39867;0.139316;0.909751;8.88946;-36.7171;91.6625
2.069;0.553532;0.329907;0.295364;0.705353;0.151468;0.837039;-0.0580573;0.522544;1.39878;0.138861;0.909995;8.90568;-36.6693;91.7625
2.082;0.553571;0.329888;0.295417;0.70531;0.187553;0.82013;-0.0159087;0.540331;1.39884;0.138723;0.910057;8.92155;-36.6226;91.8604
2.092;0.553704;0.329741;0.295361;0.705298;0.221868;0.801451;0.0268534;0.554734;1.39895;0.138488;0.909749;8.93728;-36.5768;91.9565
2.104;0.553856;0.329574;0.295404;0.705238;0.254423;0.781166;0.0699976;0.565817;1.39908;0.138073;0.909577;8.95293;-36.532;92.0507
2.114;0.553966;0.329513;0.29564;0.705081;0.284995;0.759455;0.113094;0.573773;1.39926;0.137551;0.909888;8.96806;-36.4881;92.1432
2.127;0.553985;0.329532;0.295877;0.704959;0.313668;0.736522;0.156009;0.578627;1.39933;0.13722;0.910313;8.98314;-36.4452;92.2338
2.136;0.554179;0.329353;0.296077;0.704806;0.339866;0.712699;0.198011;0.580812;1.39955;0.136524;0.91039;8.99706;-36.4031;92.3221
2.15;0.5543;0.329315;0.296281;0.704643;0.364346;0.687955;0.239608;0.580136;1.39978;0.136062;0.910683;9.01123;-36.362;92.4087
2.163;0.554453;0.329229;0.296813;0.704339;0.38679;0.662514;0.280381;0.576936;1.40004;0.135049;0.911452;9.0251;-36.3217;92.4935
2.174;0.554698;0.329055;0.297212;0.704058;0.407147;0.636568;0.320118;0.571435;1.40039;0.134024;0.911873;9.03838;-36.2822;92.5764
2.186;0.554864;0.328929;0.297487;0.70387;0.425515;0.6102;0.35883;0.563768;1.40061;0.133312;0.912152;9.05121;-36.2433;92.6578
2.197;0.554893;0.328938;0.297804;0.703709;0.441899;0.583604;0.396351;0.55411;1.4007;0.132845;0.912698;9.06362;-36.2051;92.7373
2.208;0.554855;0.328992;0.298057;0.703607;0.456381;0.556919;0.432593;0.542606;1.40069;0.132593;0.913199;9.07558;-36.1676;92.8152
2.219;0.554792;0.329046;0.298203;0.703569;0.46906;0.530255;0.467506;0.529387;1.40062;0.13252;0.913518;9.08717;-36.1308;92.8914
2.231;0.554827;0.328971;0.298175;0.703589;0.479686;0.50403;0.500719;0.514913;1.4006;0.132436;0.913358;9.0976;-36.0948;92.9656
2.264;0.55486;0.328897;0.298064;0.703644;0.488798;0.477935;0.532663;0.498923;1.40058;0.132472;0.913062;9.10797;-36.0595;93.0384
2.277;0.554883;0.328881;0.298061;0.703635;0.496473;0.452049;0.563281;0.481539;1.40061;0.132432;0.913034;9.11827;-36.025;93.1099
2.287;0.554787;0.328983;0.298287;0.703567;0.502617;0.426581;0.592447;0.463047;1.40053;0.132337;0.91356;9.12815;-35.9911;93.1799
2.3;0.554663;0.329105;0.298404;0.703558;0.507307;0.401634;0.620125;0.443594;1.40041;0.132448;0.91393;9.13755;-35.9579;93.2484
2.312;0.55458;0.329104;0.298324;0.703658;0.510753;0.377089;0.646431;0.423156;1.40021;0.132653;0.913786;9.14707;-35.9253;93.3154
2.334;0.554618;0.329029;0.298265;0.703688;0.513067;0.352982;0.671354;0.401808;1.4002;0.13261;0.913574;9.15661;-35.8935;93.3812
2.347;0.554684;0.328974;0.298306;0.703645;0.514241;0.329376;0.694914;0.379687;1.40028;0.132417;0.913565;9.166;-35.8623;93.4458
2.351;0.554549;0.329279;0.29861;0.703478;0.514262;0.306465;0.71702;0.357066;1.40039;0.132481;0.914533;9.17507;-35.8317;93.5089
2.361;0.554483;0.329307;0.298729;0.703468;0.513075;0.284589;0.737558;0.334322;1.40027;0.132421;0.914766;9.18326;-35.8017;93.5702
2.373;0.554527;0.329232;0.298777;0.703448;0.510938;0.263426;0.756773;0.311198;1.40028;0.13222;0.914734;9.19114;-35.7723;93.6303
2.384;0.554556;0.329164;0.298755;0.703466;0.507957;0.242957;0.774704;0.287725;1.40025;0.132143;0.914594;9.19877;-35.7434;93.6892
2.395;0.554492;0.329193;0.298793;0.703487;0.504189;0.22321;0.791371;0.264013;1.40015;0.132194;0.914695;9.20621;-35.7152;93.7469
2.409;0.554487;0.329194;0.298727;0.703518;0.49971;0.204153;0.806819;0.240112;1.40013;0.132294;0.914586;9.21357;-35.6875;93.8035
2.42;0.554542;0.329111;0.298642;0.70355;0.494639;0.185724;0.821087;0.215998;1.40015;0.132258;0.914322;9.22092;-35.6604;93.859
2.432;0.554594;0.329057;0.298659;0.703527;0.488981;0.167947;0.834212;0.191786;1.4002;0.132117;0.914272;9.22827;-35.6339;93.9134
2.446;0.554624;0.329057;0.29878;0.703451;0.482757;0.150857;0.846236;0.167547;1.40027;0.131912;0.914478;9.23551;-35.6079;93.9667
2.458;0.554675;0.329047;0.298905;0.703363;0.476029;0.134566;0.857154;0.143441;1.40038;0.131669;0.914674;9.24248;-35.5824;94.0189
2.47;0.554788;0.328911;0.29888;0.703348;0.468837;0.118948;0.867057;0.1194;1.40046;0.131427;0.914434;9.24935;-35.5574;94.0701
2.482;0.554797;0.328901;0.298992;0.703299;0.461239;0.104049;0.875963;0.0955075;1.40047;0.131247;0.914605;9.25604;-35.5329;94.1202
2.492;0.554739;0.328922;0.299148;0.703268;0.453257;0.0899046;0.883919;0.0718523;1.40037;0.131118;0.914891;9.2625;-35.5089;94.1693
2.506;0.554788;0.328858;0.299121;0.703271;0.444946;0.0768944;0.890914;0.0488165;1.40039;0.13103;0.914752;9.26807;-35.4854;94.2168
2.517;0.554845;0.328776;0.299094;0.703275;0.436385;0.0645468;0.897065;0.025987;1.40042;0.130912;0.914585;9.27348;-35.4623;94.2635
2.53;0.554853;0.32875;0.299106;0.703276;0.427618;0.0528261;0.902408;0.00338388;1.4004;0.130857;0.914567;9.27878;-35.4397;94.3093
2.542;0.554871;0.32873;0.299117;0.703267;0.424682;0.0432677;0.904141;-0.0173997;1.40041;0.130798;0.914555;9.27945;-35.4308;94.3542
2.554;0.554909;0.328705;0.299128;0.703244;0.421607;0.0339864;0.905352;-0.0378317;1.40047;0.130713;0.914538;9.28029;-35.4221;94.3981
2.588;0.554927;0.328664;0.299254;0.703194;0.418449;0.0246752;0.906041;-0.0581442;1.40046;0.130471;0.914687;9.28179;-35.4138;94.4413
2.602;0.555176;0.328487;0.299569;0.702947;0.406269;0.0185908;0.910338;-0.0767103;1.40081;0.129553;0.914964;9.28203;-35.3859;94.4788
2.612;0.555203;0.328363;0.299381;0.703064;0.394147;0.0129234;0.914018;-0.0951437;1.4007;0.129649;0.914458;9.28259;-35.3585;94.5155
2.64;0.555245;0.328335;0.299341;0.703061;0.382221;0.0075109;0.917033;-0.113584;1.40076;0.129627;0.914353;9.28357;-35.332;94.5519
2.646;0.555269;0.328364;0.299644;0.702899;0.37036;0.00285137;0.919523;-0.131542;1.40086;0.129207;0.914908;9.28421;-35.3058;94.5872
2.691;0.555273;0.328353;0.29972;0.702868;0.358729;-0.00154036;0.921418;-0.14933;1.40086;0.129084;0.915017;9.28524;-35.2804;94.6219
2.704;0.555405;0.328159;0.299937;0.702762;0.347127;-0.0051373;0.922869;-0.166699;1.40091;0.128415;0.915091;9.28569;-35.2552;94.6558
2.715;0.555403;0.328133;0.299927;0.702781;0.335682;-0.00830976;0.923833;-0.183798;1.40087;0.128403;0.915031;9.28617;-35.2305;94.6891
2.727;0.555455;0.328087;0.299886;0.702779;0.324455;-0.0111474;0.924318;-0.200599;1.40093;0.128351;0.914898;9.28683;-35.2064;94.7217
2.738;0.555531;0.32799;0.299926;0.702746;0.313447;-0.0131364;0.924443;-0.216755;1.40098;0.128102;0.914823;9.28672;-35.1827;94.7531
2.751;0.555511;0.328024;0.300054;0.702692;0.302636;-0.0147687;0.924165;-0.232622;1.40098;0.127983;0.915086;9.28663;-35.1595;94.7839
2.762;0.555595;0.327962;0.300096;0.702636;0.292029;-0.0160159;0.923523;-0.248131;1.4011;0.127759;0.915069;9.28652;-35.1367;94.814
2.791;0.555674;0.327866;0.300115;0.70261;0.281615;-0.0169291;0.922502;-0.26343;1.40115;0.127536;0.91496;9.28635;-35.1144;94.8437
2.798;0.555667;0.327908;0.300223;0.70255;0.271436;-0.0174785;0.921169;-0.278324;1.40119;0.127441;0.915205;9.28613;-35.0925;94.8727
2.811;0.555605;0.327989;0.300321;0.70252;0.261485;-0.017734;0.919521;-0.292901;1.40116;0.127463;0.915486;9.28591;-35.0711;94.901
2.821;0.55562;0.327968;0.300343;0.702508;0.251755;-0.0176806;0.917592;-0.307136;1.40117;0.127393;0.915492;9.28565;-35.0501;94.9288
2.834;0.555682;0.327886;0.300279;0.702524;0.242257;-0.0174302;0.915375;-0.321087;1.4012;0.12732;0.915265;9.28548;-35.0296;94.9561
2.847;0.55575;0.327774;0.300288;0.70252;0.232955;-0.0169263;0.912909;-0.334728;1.40121;0.127107;0.915112;9.28533;-35.0094;94.9828
2.859;0.555778;0.327714;0.300333;0.702506;0.223863;-0.0162131;0.9102;-0.348078;1.4012;0.126946;0.915097;9.28521;-34.9897;95.009
2.869;0.555824;0.327678;0.300379;0.702466;0.214996;-0.015212;0.90728;-0.361094;1.40126;0.12679;0.915123;9.28496;-34.9702;95.0347
2.883;0.555821;0.327657;0.300401;0.702469;0.206348;-0.0140202;0.904139;-0.37384;1.40122;0.126738;0.915127;9.28471;-34.9512;95.0599
2.893;0.555824;0.327664;0.300427;0.702453;0.197952;-0.0126514;0.900814;-0.38625;1.40124;0.126707;0.915181;9.28447;-34.9327;95.0846
2.905;0.555808;0.327688;0.300461;0.70244;0.189724;-0.0111893;0.897311;-0.398387;1.40124;0.126703;0.915272;9.28441;-34.9144;95.1088
2.917;0.55582;0.327682;0.300579;0.702383;0.181736;-0.00949749;0.89366;-0.410187;1.40126;0.126517;0.915461;9.28422;-34.8966;95.1325
2.982;0.555838;0.32766;0.300604;0.702368;0.173949;-0.00766265;0.889779;-0.421873;1.40127;0.126439;0.915471;9.28399;-34.879;95.1561
2.987;0.555778;0.327782;0.300751;0.702295;0.166373;-0.00566937;0.885861;-0.433057;1.4013;0.126434;0.915901;9.2838;-34.8619;95.1788
3.007;0.5558;0.327733;0.300763;0.702295;0.159003;-0.0036234;0.881793;-0.44401;1.40129;0.126338;0.915847;9.28373;-34.8451;95.2012
3.023;0.555829;0.327704;0.300852;0.702249;0.15185;-0.001418;0.87761;-0.454688;1.40132;0.126148;0.915952;9.28357;-34.8286;95.2231
3.04;0.555831;0.32771;0.300922;0.702214;0.144881;0.000869203;0.873342;-0.465062;1.40133;0.126055;0.916077;9.28348;-34.8125;95.2446
3.049;0.555859;0.327672;0.300999;0.702176;0.138095;0.00330271;0.869009;-0.475124;1.40135;0.125874;0.916151;9.28333;-34.7967;95.2655
3.088;0.555888;0.327648;0.301016;0.702158;0.131697;0.0062014;0.864691;-0.484693;1.40138;0.125791;0.916144;9.28237;-34.7811;95.2856
3.119;0.555865;0.327685;0.301066;0.702137;0.125503;0.00894086;0.860247;-0.49411;1.40138;0.125787;0.916284;9.28179;-34.7661;95.3055
3.125;0.555908;0.32764;0.301307;0.70202;0.119497;0.0119814;0.855827;-0.503128;1.40143;0.125351;0.916618;9.28085;-34.7512;95.3247
3.136;0.555991;0.32749;0.301245;0.702051;0.113669;0.0150852;0.851344;-0.511923;1.40142;0.125176;0.916291;9.2799;-34.7366;95.3436
3.149;0.555977;0.327503;0.301252;0.702052;0.108039;0.0181594;0.846773;-0.520551;1.40141;0.125197;0.916323;9.27906;-34.7223;95.3622
3.16;0.555914;0.327576;0.301398;0.702006;0.102533;0.0212191;0.842211;-0.528884;1.40136;0.125144;0.916672;9.2784;-34.7084;95.3803
3.173;0.555987;0.327489;0.301469;0.701959;0.0971923;0.0242912;0.837599;-0.53702;1.40142;0.124866;0.916662;9.27779;-34.6947;95.3981
3.209;0.556031;0.327459;0.301597;0.701883;0.0920472;0.0272654;0.832896;-0.54504;1.40148;0.124603;0.916834;9.27736;-34.6814;95.4159
3.236;0.556081;0.327397;0.301879;0.701751;0.0871277;0.0303539;0.828228;-0.552744;1.40152;0.124083;0.917212;9.27673;-34.6685;95.433
3.244;0.556112;0.327263;0.302036;0.701721;0.0822782;0.0335936;0.823579;-0.560196;1.40142;0.123679;0.917269;9.276;-34.6556;95.4497
3.254;0.556162;0.327239;0.302049;0.701687;0.0776003;0.0368664;0.818915;-0.567447;1.40151;0.123576;0.91726;9.27523;-34.6429;95.4661
3.265;0.556163;0.327212;0.302101;0.701677;0.0730711;0.0401461;0.814245;-0.574504;1.40148;0.123473;0.917305;9.27448;-34.6305;95.4822
3.3;0.556172;0.32719;0.302146;0.701661;0.0687457;0.0434062;0.809455;-0.581526;1.40147;0.123375;0.917345;9.2737;-34.6184;95.4983
3.31;0.556097;0.327249;0.302341;0.701609;0.0644976;0.0467224;0.804786;-0.588198;1.40138;0.123251;0.917754;9.27294;-34.6064;95.5138
3.325;0.556077;0.327278;0.302391;0.701589;0.0604129;0.0500145;0.800069;-0.594759;1.40137;0.123237;0.917881;9.27219;-34.5947;95.5291
3.335;0.555941;0.327404;0.302601;0.701548;0.0564507;0.053311;0.795409;-0.601079;1.40123;0.123234;0.918413;9.27146;-34.5832;95.544
3.346;0.555925;0.327418;0.302657;0.701529;0.0526602;0.0566196;0.790772;-0.607208;1.40122;0.123189;0.918526;9.27065;-34.572;95.5586
3.359;0.555935;0.327343;0.302651;0.701559;0.0489682;0.0599458;0.78613;-0.613194;1.40114;0.123103;0.918399;9.26985;-34.561;95.5729
3.372;0.555862;0.327417;0.30272;0.701553;0.0454007;0.0632237;0.781514;-0.619013;1.40107;0.123172;0.918622;9.26912;-34.5502;95.587
3.386;0.555825;0.327515;0.302763;0.701517;0.0419438;0.0664256;0.776922;-0.624677;1.40112;0.123261;0.918843;9.2685;-34.5397;95.6008
3.395;0.555745;0.327628;0.302928;0.701457;0.0385586;0.0696553;0.772398;-0.630129;1.40109;0.123244;0.919287;9.26788;-34.5293;95.6142
3.408;0.555666;0.32776;0.303047;0.701406;0.035247;0.0727883;0.767939;-0.635397;1.40108;0.123313;0.919681;9.26743;-34.5191;95.6272
3.418;0.55572;0.327711;0.303115;0.701357;0.0320396;0.0759079;0.76353;-0.640494;1.40114;0.123101;0.919724;9.26698;-34.5092;95.6399
3.43;0.555769;0.327637;0.303181;0.701325;0.0289764;0.0790071;0.759142;-0.645463;1.40116;0.122872;0.919725;9.26649;-34.4995;95.6525
3.441;0.555838;0.327554;0.303201;0.7013;0.0260161;0.0820599;0.754781;-0.650304;1.40121;0.122673;0.919637;9.26604;-34.49;95.6648
3.452;0.555968;0.327414;0.303178;0.701272;0.0231407;0.0850715;0.750449;-0.655022;1.40133;0.122404;0.919394;9.26564;-34.4807;95.6769
3.465;0.556071;0.327292;0.303225;0.701227;0.020321;0.0880326;0.746154;-0.659615;1.4014;0.122085;0.919293;9.26534;-34.4716;95.6887
3.477;0.556126;0.327229;0.303374;0.701148;0.0175958;0.0910118;0.741883;-0.664091;1.40145;0.121744;0.91945;9.26497;-34.4626;95.7004
3.489;0.556128;0.327256;0.303535;0.701065;0.0150061;0.0939814;0.73767;-0.66842;1.40149;0.121547;0.91976;9.26452;-34.4538;95.7118
3.5;0.55615;0.327232;0.30362;0.701022;0.0125019;0.0969276;0.733504;-0.672623;1.40152;0.121376;0.919867;9.26407;-34.4452;95.723
3.514;0.556207;0.327148;0.303667;0.700995;0.0100578;0.0998036;0.729396;-0.676698;1.40154;0.121151;0.919821;9.26371;-34.4368;95.7339
3.525;0.556238;0.327098;0.303784;0.700943;0.00772002;0.102629;0.725315;-0.68068;1.40155;0.120895;0.919942;9.26336;-34.4286;95.7447
3.558;0.556244;0.327086;0.303933;0.700879;0.00540079;0.105202;0.721244;-0.684624;1.40155;0.120666;0.920173;9.26343;-34.4208;95.7554
3.594;0.55638;0.326917;0.304249;0.700713;0.00303116;0.107712;0.717359;-0.68832;1.40165;0.11988;0.920451;9.2637;-34.4131;95.7656
3.605;0.556653;0.326674;0.304439;0.700527;0.000892472;0.110453;0.713395;-0.692002;1.40196;0.119035;0.920419;9.26339;-34.4053;95.7758
3.618;0.55661;0.32676;0.304673;0.70042;-0.00116212;0.113276;0.709535;-0.695505;1.40198;0.118849;0.92094;9.26289;-34.3976;95.7856
3.63;0.556622;0.326713;0.304707;0.700417;-0.00313224;0.116081;0.705721;-0.698908;1.40195;0.118736;0.920925;9.26234;-34.3901;95.7952
3.642;0.55665;0.326693;0.304682;0.700415;-0.00501749;0.118833;0.701946;-0.702229;1.40199;0.118718;0.920854;9.2618;-34.3827;95.8047
3.653;0.556715;0.326633;0.304625;0.700416;-0.00688671;0.121505;0.698228;-0.705455;1.40206;0.118658;0.920674;9.2614;-34.3755;95.8139
3.667;0.556791;0.326554;0.304637;0.700388;-0.00871641;0.124108;0.694539;-0.708616;1.40213;0.118468;0.920577;9.2611;-34.3684;95.8231
3.695;0.556809;0.326542;0.30477;0.700321;-0.0105646;0.126545;0.690832;-0.711776;1.40216;0.118245;0.920783;9.26113;-34.3615;95.8323
3.701;0.556879;0.326572;0.305074;0.700119;-0.0122178;0.129164;0.687274;-0.714718;1.40237;0.117772;0.921345;9.26061;-34.3547;95.841
3.731;0.55691;0.326532;0.305049;0.700124;-0.013819;0.131754;0.683739;-0.7176;1.40239;0.117727;0.921244;9.26011;-34.348;95.8495
3.737;0.556944;0.326508;0.305032;0.700115;-0.0153807;0.134265;0.680287;-0.720379;1.40243;0.117686;0.921181;9.25969;-34.3415;95.8579
3.751;0.556978;0.326502;0.305036;0.70009;-0.0168934;0.136687;0.676852;-0.723121;1.4025;0.117636;0.921181;9.25937;-34.3351;95.8661
3.781;0.556971;0.326481;0.305172;0.700046;-0.0255424;0.14608;0.673671;-0.724;1.40246;0.117429;0.921374;9.25912;-34.309;95.8698
3.787;0.556952;0.326487;0.305396;0.69996;-0.0274884;0.152428;0.671298;-0.724823;1.40243;0.117141;0.921757;9.25337;-34.2967;95.8727
3.797;0.55698;0.32643;0.305373;0.699975;-0.0293579;0.158638;0.668903;-0.725632;1.40242;0.11708;0.921632;9.24772;-34.2846;95.8755
3.809;0.557001;0.326397;0.305346;0.699984;-0.0311956;0.164715;0.666493;-0.726417;1.40243;0.117056;0.921539;9.24222;-34.2728;95.8783
3.821;0.55698;0.326406;0.305396;0.699976;-0.0329808;0.170665;0.664083;-0.727172;1.40239;0.11702;0.921633;9.23682;-34.2612;95.8811
3.832;0.556967;0.326386;0.305444;0.699975;-0.0347162;0.176489;0.661674;-0.727897;1.40233;0.116946;0.921682;9.23154;-34.2498;95.8838
3.843;0.556996;0.326333;0.305443;0.699976;-0.0363934;0.182192;0.659237;-0.728621;1.40233;0.116855;0.921601;9.22636;-34.2387;95.8865
3.855;0.55696;0.326391;0.305515;0.699946;-0.0380392;0.187788;0.656807;-0.72931;1.40233;0.116859;0.921808;9.22129;-34.2277;95.8891
3.867;0.556934;0.326433;0.305573;0.699922;-0.0396156;0.19323;0.654428;-0.729943;1.40233;0.116853;0.921966;9.21631;-34.217;95.8916
3.879;0.556903;0.326428;0.305629;0.699925;-0.0411782;0.198588;0.652046;-0.73055;1.40225;0.116804;0.922049;9.21144;-34.2065;95.894
3.891;0.556914;0.326458;0.30562;0.699906;-0.0426869;0.203815;0.649695;-0.731118;1.40231;0.116837;0.922083;9.20667;-34.1962;95.8964
3.925;0.556931;0.326422;0.305612;0.699912;-0.0441018;0.208905;0.647281;-0.731739;1.40231;0.11679;0.922015;9.20198;-34.1862;95.8989
3.979;0.556902;0.326418;0.3057;0.699899;-0.0455802;0.21387;0.644833;-0.732375;1.40224;0.116693;0.922152;9.1976;-34.1763;95.9015
3.998;0.556933;0.326467;0.305854;0.699785;-0.0470245;0.218741;0.642494;-0.7329;1.40237;0.116496;0.922488;9.19325;-34.1666;95.9038
4.019;0.556929;0.326492;0.305962;0.699729;-0.0483988;0.223424;0.640162;-0.733438;1.4024;0.116376;0.922708;9.18908;-34.1572;95.9062
4.028;0.556964;0.326468;0.30611;0.699648;-0.0497084;0.228124;0.637866;-0.733904;1.40245;0.116101;0.92292;9.18475;-34.1479;95.9083
4.04;0.556982;0.326437;0.306103;0.69965;-0.0510081;0.23272;0.63558;-0.734355;1.40246;0.116055;0.922863;9.18055;-34.1387;95.9104
4.07;0.556994;0.326434;0.306131;0.699631;-0.052233;0.237086;0.633265;-0.734872;1.40248;0.116;0.922906;9.17663;-34.13;95.9127
4.079;0.556996;0.326395;0.306339;0.699556;-0.0534461;0.241481;0.631014;-0.73529;1.40244;0.115663;0.923193;9.17258;-34.1212;95.9147
4.088;0.556962;0.326402;0.306414;0.699547;-0.0546309;0.24578;0.628794;-0.73568;1.40237;0.115602;0.923327;9.16862;-34.1127;95.9167
4.098;0.556976;0.326368;0.306434;0.699543;-0.055769;0.249997;0.626586;-0.736058;1.40236;0.115521;0.923309;9.1647;-34.1042;95.9186
4.109;0.557045;0.32633;0.306356;0.69954;-0.0569242;0.254108;0.624416;-0.736406;1.40247;0.115509;0.923126;9.16094;-34.096;95.9205
4.122;0.557094;0.326304;0.306351;0.699515;-0.0580073;0.258094;0.622241;-0.736776;1.40255;0.115433;0.923083;9.15727;-34.0879;95.9224
4.135;0.557046;0.32631;0.306491;0.699489;-0.0590845;0.262044;0.620088;-0.737112;1.40245;0.115296;0.92332;9.15363;-34.08;95.9242
4.146;0.557052;0.326327;0.306523;0.699462;-0.060128;0.26592;0.617987;-0.737403;1.40248;0.115264;0.923402;9.15001;-34.0722;95.9259
4.159;0.557117;0.326253;0.306453;0.699476;-0.0611139;0.269698;0.615876;-0.737716;1.40253;0.115207;0.923176;9.14646;-34.0646;95.9277
4.17;0.557105;0.326249;0.306483;0.699474;-0.062088;0.273384;0.613783;-0.738022;1.4025;0.115174;0.923219;9.14303;-34.0572;95.9294
4.18;0.557041;0.326282;0.306597;0.699459;-0.0630584;0.27698;0.611738;-0.738297;1.4024;0.115121;0.923454;9.1397;-34.0499;95.9311
4.194;0.55712;0.326192;0.306575;0.699448;-0.0639472;0.280498;0.609702;-0.738576;1.40246;0.114964;0.923285;9.13636;-34.0428;95.9328
4.206;0.557157;0.326096;0.306569;0.699467;-0.0648448;0.28398;0.607663;-0.738848;1.40242;0.114824;0.92313;9.13308;-34.0357;95.9344
4.217;0.557105;0.326148;0.306644;0.69945;-0.0657068;0.287371;0.605659;-0.739106;1.40237;0.114836;0.923331;9.12987;-34.0288;95.936
4.247;0.557085;0.326144;0.306692;0.699447;-0.0665383;0.290563;0.603659;-0.73942;1.40232;0.114787;0.923403;9.12696;-34.0223;95.9378
4.253;0.557068;0.326127;0.306918;0.69937;-0.0673611;0.29381;0.601718;-0.739644;1.40227;0.114469;0.923752;9.12387;-34.0157;95.9393
4.282;0.557073;0.326133;0.30692;0.699361;-0.0681007;0.296927;0.599819;-0.739874;1.40229;0.114466;0.923767;9.12085;-34.0094;95.9408
4.288;0.557058;0.32605;0.306976;0.699388;-0.0689046;0.300036;0.597943;-0.740064;1.40215;0.114313;0.923728;9.11791;-34.003;95.9423
4.319;0.557085;0.326023;0.306964;0.699385;-0.0697066;0.302987;0.596067;-0.7403;1.40217;0.114269;0.923671;9.11524;-33.9969;95.9438
4.343;0.557136;0.325977;0.307093;0.699309;-0.0704178;0.305952;0.594196;-0.740517;1.40223;0.11398;0.923819;9.11239;-33.9909;95.9453
4.349;0.557141;0.325953;0.307122;0.699303;-0.071164;0.308867;0.592395;-0.740679;1.40221;0.113905;0.923832;9.10961;-33.9849;95.9466
4.363;0.557098;0.325984;0.307183;0.699295;-0.0719309;0.311689;0.590592;-0.740862;1.40216;0.113902;0.923978;9.10704;-33.979;95.9481
4.372;0.557124;0.326007;0.307266;0.699228;-0.0726275;0.314481;0.588841;-0.741008;1.40225;0.113782;0.924154;9.10435;-33.9732;95.9493
4.387;0.557215;0.325931;0.30716;0.699238;-0.0733367;0.317209;0.587111;-0.741148;1.40236;0.113744;0.923868;9.10177;-33.9676;95.9506
4.397;0.557197;0.325957;0.307213;0.699216;-0.0739989;0.319882;0.585409;-0.74128;1.40235;0.113717;0.923995;9.09919;-33.9621;95.9518
4.409;0.557158;0.325936;0.307268;0.699233;-0.0746341;0.322467;0.583728;-0.741422;1.40224;0.113663;0.924051;9.0967;-33.9567;95.953
4.421;0.55715;0.325897;0.307326;0.699232;-0.0752697;0.325013;0.582063;-0.741555;1.40217;0.113546;0.924086;9.09427;-33.9514;95.9542
4.433;0.557127;0.325897;0.307394;0.699221;-0.075887;0.327514;0.580448;-0.741658;1.40212;0.113477;0.924197;9.09184;-33.9463;95.9553
4.448;0.557174;0.325819;0.307345;0.699241;-0.0764761;0.32996;0.578836;-0.741773;1.40212;0.113406;0.923999;9.08945;-33.9412;95.9565
4.46;0.557193;0.325783;0.307333;0.699248;-0.0770809;0.33236;0.577236;-0.741886;1.40212;0.11336;0.923926;9.08716;-33.9362;95.9576
4.487;0.557196;0.325802;0.307364;0.699223;-0.0776556;0.334657;0.57568;-0.742002;1.40215;0.113335;0.924007;9.08497;-33.9314;95.9587
4.493;0.557238;0.325723;0.307407;0.699208;-0.0782098;0.336938;0.574151;-0.742096;1.40214;0.11314;0.923961;9.08275;-33.9266;95.9598
4.506;0.557301;0.325601;0.307377;0.699228;-0.0787818;0.339186;0.572637;-0.742181;1.40213;0.112975;0.923727;9.0806;-33.9219;95.9608
4.534;0.557311;0.325611;0.307395;0.699207;-0.0792932;0.341407;0.571076;-0.742311;1.40216;0.112951;0.923775;9.07844;-33.9172;95.962
4.541;0.557267;0.325669;0.307476;0.69918;-0.0798225;0.343557;0.569611;-0.742388;1.40214;0.112951;0.923995;9.07635;-33.9127;95.963
4.553;0.557326;0.325619;0.30743;0.699176;-0.0803504;0.345638;0.56817;-0.74247;1.40221;0.112892;0.923846;9.07437;-33.9083;95.964
4.567;0.557356;0.325622;0.307457;0.699139;-0.0808436;0.347716;0.566721;-0.742553;1.40228;0.112824;0.923899;9.07233;-33.9039;95.965
4.578;0.557322;0.325691;0.307504;0.699113;-0.081329;0.349749;0.565304;-0.742626;1.4023;0.112871;0.924082;9.07034;-33.8997;95.966
4.611;0.557334;0.32568;0.307507;0.699107;-0.0817526;0.351698;0.563913;-0.742717;1.40231;0.112842;0.924071;9.06839;-33.8956;95.967
4.624;0.557306;0.325633;0.307578;0.69912;-0.0822155;0.353616;0.562552;-0.742787;1.40219;0.112721;0.924114;9.06652;-33.8915;95.9679
4.635;0.557295;0.325634;0.307639;0.699102;-0.0826391;0.355494;0.561215;-0.742854;1.40217;0.112649;0.924216;9.06464;-33.8876;95.9688
4.646;0.557307;0.32561;0.307643;0.699102;-0.0830819;0.35736;0.559888;-0.742911;1.40216;0.112604;0.924187;9.0628;-33.8837;95.9697
4.658;0.557317;0.325632;0.307639;0.699085;-0.0835384;0.359174;0.558603;-0.742953;1.40221;0.112622;0.924215;9.06104;-33.8798;95.9705
4.67;0.557352;0.325634;0.307626;0.699062;-0.0840004;0.360935;0.557347;-0.74299;1.4023;0.112603;0.9242;9.05937;-33.876;95.9713
4.682;0.557419;0.325566;0.307619;0.699043;-0.0844684;0.362646;0.55612;-0.743023;1.40236;0.112462;0.92409;9.05777;-33.8723;95.9721
4.693;0.557475;0.325521;0.307646;0.699007;-0.0848947;0.364314;0.55489;-0.743078;1.40243;0.11231;0.924071;9.05619;-33.8687;95.973
4.708;0.55742;0.325603;0.307793;0.698948;-0.08529;0.365993;0.553675;-0.743115;1.40242;0.112255;0.924438;9.05452;-33.8651;95.9738
4.718;0.557414;0.325616;0.307806;0.698941;-0.0856777;0.367598;0.552523;-0.743135;1.40242;0.112257;0.92448;9.05292;-33.8617;95.9745
4.731;0.557485;0.325495;0.307766;0.698959;-0.0860512;0.369179;0.551351;-0.743178;1.40242;0.1121;0.924233;9.05137;-33.8583;95.9753
4.744;0.557514;0.325452;0.307786;0.698947;-0.0864358;0.370682;0.550227;-0.743218;1.40243;0.111991;0.924202;9.04994;-33.855;95.976
4.755;0.55754;0.325435;0.307861;0.698901;-0.0868222;0.372203;0.549099;-0.743248;1.40247;0.111837;0.924304;9.04848;-33.8517;95.9768
4.766;0.557521;0.325481;0.307937;0.698861;-0.0871554;0.373701;0.547981;-0.743282;1.40249;0.111802;0.9245;9.04696;-33.8486;95.9775
4.779;0.557544;0.325418;0.30794;0.698871;-0.0874939;0.375163;0.546912;-0.743293;1.40246;0.111702;0.924409;9.04548;-33.8454;95.9781
4.788;0.557602;0.325319;0.307887;0.698894;-0.0878203;0.376614;0.545815;-0.743328;1.40247;0.111601;0.924173;9.04402;-33.8423;95.9789
4.822;0.557583;0.325359;0.307921;0.698876;-0.0881593;0.378006;0.544704;-0.743396;1.40247;0.111621;0.92429;9.04272;-33.8393;95.9797
4.827;0.557605;0.325399;0.308011;0.698801;-0.0885037;0.379345;0.543693;-0.743412;1.40258;0.111512;0.924504;9.04144;-33.8364;95.9804
4.84;0.557619;0.325375;0.308073;0.698772;-0.0888698;0.380569;0.542709;-0.743463;1.40258;0.111382;0.924573;9.04041;-33.8336;95.9812
4.85;0.557616;0.325372;0.308314;0.69867;-0.0891591;0.381892;0.541703;-0.743483;1.40258;0.111041;0.924972;9.03905;-33.8308;95.9818
4.884;0.557607;0.325375;0.308337;0.698665;-0.089379;0.383189;0.540736;-0.743493;1.40256;0.111022;0.925013;9.03759;-33.8281;95.9823
4.92;0.55757;0.325326;0.308316;0.698728;-0.0897279;0.384188;0.539917;-0.743531;1.40241;0.111041;0.924899;9.03685;-33.8257;95.983
4.949;0.557701;0.325105;0.308547;0.698623;-0.0900032;0.38545;0.53894;-0.743554;1.40243;0.110322;0.924957;9.03556;-33.823;95.9836
4.968;0.557702;0.325106;0.308565;0.698614;-0.0902711;0.386643;0.537996;-0.743585;1.40244;0.110295;0.924987;9.03438;-33.8204;95.9843
4.983;0.557678;0.325128;0.30866;0.698582;-0.0905253;0.387832;0.537083;-0.743595;1.40241;0.110214;0.925178;9.03314;-33.8179;95.9848
4.991;0.557635;0.325164;0.308715;0.698575;-0.0908187;0.388986;0.536216;-0.743582;1.40236;0.110226;0.925321;9.03199;-33.8154;95.9853
5.004;0.557724;0.325064;0.308656;0.698577;-0.0911149;0.390069;0.535395;-0.74357;1.40243;0.110096;0.925076;9.03096;-33.813;95.9858
